filename,condition,bearing,recording,vibration_mean,vibration_std,vibration_rms,vibration_min,vibration_max,vibration_peak,vibration_crest,vibration_kurtosis,vibration_skew,current1_mean,current1_std,current1_rms,current1_min,current1_max,current1_peak,current1_crest,current1_kurtosis,current1_skew,current2_mean,current2_std,current2_rms,current2_min,current2_max,current2_peak,current2_crest,current2_kurtosis,current2_skew,force_mean,force_std,force_rms,force_min,force_max,force_peak,force_crest,force_kurtosis,force_skew,speed_mean,speed_std,speed_rms,speed_min,speed_max,speed_peak,speed_crest,speed_kurtosis,speed_skew,torque_mean,torque_std,torque_rms,torque_min,torque_max,torque_peak,torque_crest,torque_kurtosis,torque_skew
N09_M07_F10_K001_1.mat,N09_M07_F10,K001,1,-0.015453606375252631,0.3672950817078525,0.36762003617428046,-4.879760738962637,4.690551754712678,4.879760738962637,13.273924864773289,17.165422983630673,-0.01671835369627434,0.023505618496572615,1.6565555231456643,1.6567222806992465,-2.853622739813359,2.8770413188994457,2.8770413188994457,1.736586362371576,-1.4935284089978345,0.00671810594370273,0.07476601148146717,1.666412052126976,1.6680884520752743,-2.76959136779858,2.750305479139451,2.76959136779858,1.6603384337041134,-1.4942212108677044,0.008773782021307748,1025.9239033002798,70.76318648286252,1028.3614558724428,791.4595697651405,1291.3374991222888,1291.3374991222888,1.2557233565572934,-1.1828513075623177,0.059426027121452375,899.7119806948217,0.1816311142103872,899.7119990283896,899.4132533286152,900.1407765386616,900.1407765386616,1.0004765719593993,-1.1334842028968726,-0.002436268335613941,1.1998606003369938,0.08429157220561626,1.2028177457062836,1.0026167782015107,1.471852739235962,1.471852739235962,1.2236706221620495,0.06763904946461086,0.4185482885348627
N09_M07_F10_K001_10.mat,N09_M07_F10,K001,10,-0.015243150173188592,0.36278055858984476,0.36310065728109353,-4.394531247095808,4.202270505035367,4.394531247095808,12.10279066967866,15.989358915935469,-0.005482303833490488,0.026474919207109638,1.7052661852035824,1.705471689517537,-2.920434568382487,2.9259448222850954,2.9259448222850954,1.7156220418486217,-1.4943091446995167,0.005648649373149433,0.07953297028718681,1.7134213139811774,1.715266187088082,-2.7792343121281453,3.0946963480524796,3.0946963480524796,1.8042076333972303,-1.4943949054612402,0.009662975915908013,1015.8599143634765,71.97714066708471,1018.406635086977,742.3262690163609,1263.5665030468917,1263.5665030468917,1.2407288596847927,-1.194830903335493,0.06568956286516153,899.7926594440473,0.16269938042082793,899.7926741535962,899.456772735885,900.007987694634,900.007987694634,1.000239292391706,-0.7141385263240587,-0.6933285839379923,1.2355859242123735,0.08336544814544404,1.238395079954792,1.0419039062701165,1.4732251913032857,1.4732251913032857,1.1896245512838004,-0.021541579508537634,0.38937221906655
N09_M07_F10_K001_11.mat,N09_M07_F10,K001,11,-0.015085166226215117,0.36286664195557367,0.3631800684015947,-4.418945309579674,4.455566403305472,4.455566403305472,12.268201894765399,16.424801382805782,0.03651304041537989,0.022837839063828348,1.7069327074032181,1.70708547955162,-2.891505735393792,2.898393552772053,2.898393552772053,1.6978608203810275,-1.494431564572318,0.008121243738332779,0.08206086605082336,1.7145902145061047,1.716552821621607,-2.7406625348098856,2.7964538555737963,2.7964538555737963,1.6291102844898298,-1.4946218544157006,0.008039316091755736,1016.0835675831602,71.89339216807794,1018.6238148354649,694.1084956107263,1242.814549935606,1242.814549935606,1.2200917864229925,-1.1902322230860385,0.04485856338537956,899.7940595337186,0.14141168882973346,899.7940706458534,899.5143151026697,900.2054734124816,900.2054734124816,1.0004572188015564,-0.2907452844125551,-0.01842121289847407,1.2366497479218743,0.08339508554615277,1.2394584863271887,1.0380462837239826,1.4890228538665278,1.4890228538665278,1.2013495169804822,0.04330285337467554,0.4193194855371239
N09_M07_F10_K001_12.mat,N09_M07_F10,K001,12,-0.015234398831790029,0.36171798393057136,0.3620386537464793,-5.166625973148058,4.266357419055514,5.166625973148058,14.270923614598436,16.85559018251727,0.02348282149728745,0.02439502136883264,1.7060943794185532,1.706268779691864,-2.9121691875285745,2.90597015188814,2.9121691875285745,1.7067470390300903,-1.493636784110514,0.00820368821507075,0.08354451363883629,1.7140755279118856,1.7161103114734666,-2.8095407085924915,2.8102294903303178,2.8102294903303178,1.637557604276284,-1.494361905268136,0.008027136294664554,1017.1744510833428,72.3115391492937,1019.741546976899,760.3316400982118,1279.4356436614041,1279.4356436614041,1.2546665843461884,-1.1821738268788402,0.06730077937668173,899.8027526896517,0.20251542743110162,899.8027754793674,899.5046848479716,900.1250231876597,900.1250231876597,1.0003581314895598,-1.4181415854193935,0.11126732055111647,1.236485464658424,0.08610699738429337,1.2394800197300875,1.0194426310098907,1.496393959433791,1.496393959433791,1.2072755797706605,-0.03234795877068963,0.3659469174235548
N09_M07_F10_K001_13.mat,N09_M07_F10,K001,13,-0.01278184651483784,0.3611055444496719,0.36133168949404765,-3.909301755228979,4.4311523408216065,4.4311523408216065,12.263392527310014,15.966897635923473,0.1642844429279108,0.022395054804783796,1.7075120402433204,1.7076588962833343,-2.9128579692664003,2.908725278839444,2.9128579692664003,1.7057610132832404,-1.494108160678555,0.008921077591819523,0.08489358146063951,1.7146301528390337,1.7167304625939455,-2.7730352764877106,2.8446685772216207,2.8446685772216207,1.6570269120310146,-1.494087190778612,0.006895525532672657,1017.2820378954727,72.19980203560371,1019.8409464415255,716.9966791893504,1273.9424796025344,1273.9424796025344,1.2491580025764129,-1.175322375222589,0.04723365448201535,899.7578782343564,0.22485151785598448,899.757906329806,899.3506295170805,900.0783526323954,900.0783526323954,1.0003561472484266,-1.1775826336143467,-0.22676111344484998,1.237197605228811,0.08609810631423506,1.240189823492679,1.035339129082851,1.4949982663466703,1.4949982663466703,1.2054592273111775,-0.026260863077775642,0.38127554524608354
N09_M07_F10_K001_14.mat,N09_M07_F10,K001,14,-0.01348211960328433,0.3649181103016661,0.3651670778905681,-4.098510739478938,4.705810543765095,4.705810543765095,12.886732755178205,16.52019641847764,0.14633589658470553,0.02279481945065772,1.7083570273871211,1.7085090976687098,-2.8770413188994457,2.928699949236399,2.928699949236399,1.7141845795452075,-1.494663724587957,0.00806431743632274,0.08405398863218118,1.7161557172060429,1.7182128851524678,-2.9934454325920488,3.105716855857697,3.105716855857697,1.8075273923825261,-1.4942265275574074,0.007228461921451911,1017.9763075524768,72.0706504088569,1020.5243462987693,767.6558588433714,1280.351171004549,1280.351171004549,1.2546012994673943,-1.203376843262733,0.04805377793249062,899.747211534563,0.4517753359231061,899.7473249558321,898.9188103214904,900.3641371041285,900.3641371041285,1.0006855392966316,-1.290411041439834,-0.29948952026056164,1.2379255264093334,0.08488919107239494,1.2408326977061617,1.0477500649393061,1.494360688231206,1.494360688231206,1.2043208492117619,0.10563495701752679,0.44228570715000287
N09_M07_F10_K001_15.mat,N09_M07_F10,K001,15,-0.015016938190665137,0.36404424190056783,0.364353836940935,-5.303955074619802,4.177856442551501,5.303955074619802,14.557154438528997,16.636013048814064,0.027711108291774235,0.022773125855203066,1.7080105969938273,1.7081624087610718,-2.930766294449878,2.891505735393792,2.930766294449878,1.7157421796769075,-1.493984331497832,0.0076531190000895975,0.08200181997892435,1.716246321190529,1.7182042176295231,-2.801275327738579,2.8081631451168394,2.8081631451168394,1.6343593597919637,-1.494571782439413,0.008072299302008295,1018.5805369081039,72.19032076601427,1021.1355211627404,770.4024408728064,1325.5171865997006,1325.5171865997006,1.298081556393581,-1.173482450565147,0.05357826483667491,899.771746210499,0.2583297612968219,899.7717832944952,899.4230301357858,900.2887382033064,900.2887382033064,1.0005745400316048,-0.8167140246786655,0.5455883653558892,1.2379746618567549,0.08411686060814107,1.24082912185277,1.0476080912354706,1.484151009833736,1.484151009833736,1.196096209941982,-0.009678711919405725,0.39705092807071446
N09_M07_F10_K001_16.mat,N09_M07_F10,K001,16,-0.01374581450235211,0.3639705695938158,0.36423004124698416,-5.12084960599081,4.373168942422426,5.12084960599081,14.059382879179823,17.08588908283979,0.021522928821915525,0.023186691933862837,1.708733409160322,1.7088907180576212,-2.896327207558575,2.942475583992921,2.942475583992921,1.7218629330127273,-1.4943806481370379,0.009147069396213736,0.08389657849333444,1.716679054729391,1.7187279054083817,-2.7957650738359705,2.98449127000031,2.98449127000031,1.7364536065359188,-1.49424666002371,0.007994888135058872,1018.9829241731848,72.48134753978943,1021.5575096379636,759.1109369740185,1284.0132803771291,1284.0132803771291,1.2569172741260344,-1.1549199927626141,0.06568766426232929,899.7501421749255,0.2665960582402327,899.7501816711442,899.3265486363407,900.2523236127454,900.2523236127454,1.0005580904031255,-1.1055171322391812,0.31446138026031395,1.2383499367026456,0.08573729835905354,1.2413144041947455,1.0250080585758803,1.484557688583204,1.484557688583204,1.1959562247618105,-0.014495304635705697,0.38740733651227566
N09_M07_F10_K001_17.mat,N09_M07_F10,K001,17,-0.015620718962393233,0.3647831406587665,0.3651174421604307,-4.495239254841754,4.669189450039296,4.669189450039296,12.788185145062663,16.55478192358656,0.019858506560367705,0.021952122755187067,1.7083312481019768,1.708472285094235,-2.9190570049068345,2.9045925884124872,2.9190570049068345,1.7085773239487034,-1.4942424451219056,0.008814076247853095,0.08394654457023719,1.7162000376445623,1.718251899913537,-2.990690305640745,2.8122958355437957,2.990690305640745,1.7405424116168517,-1.4940388228432702,0.007369439638831036,1020.2823005113538,72.02680016151055,1022.8215057761772,765.2144525949849,1255.6319327396352,1255.6319327396352,1.227615889623662,-1.2125534823730426,0.04739995114862241,899.772987317449,0.4402051215581527,899.7730950004647,899.1001515297793,900.4429845473229,900.4429845473229,1.0007445094219647,-1.4709876143765355,-0.028615302396542693,1.2382071720319718,0.0849237025957527,1.2411160445880896,1.0407447147474245,1.4937046573689414,1.4937046573689414,1.203517321270859,0.003993109975943376,0.39987085225597196
N09_M07_F10_K001_18.mat,N09_M07_F10,K001,18,-0.014265179624666884,0.3622023309447892,0.3624831360098876,-4.855346676478771,4.455566403305472,4.855346676478771,13.394682935943067,16.63989311041221,0.07579574116430418,0.02355423949234742,1.70910969795739,1.7092719976206432,-2.843979795483795,2.942475583992921,2.942475583992921,1.721478844846773,-1.493979683995445,0.009081653784479445,0.08511853058077397,1.7173348363920324,1.7194429634430681,-2.9417868022550944,2.8618881206672717,2.9417868022550944,1.7108952520090375,-1.4942146356806738,0.007178953188730523,1020.6156460710789,72.09635344790733,1023.158922741512,794.816503356672,1262.6509757037468,1262.6509757037468,1.2340712157604272,-1.2461230904480889,0.06339804509606503,899.7569107578596,0.2936029725682144,899.756958661189,899.217507455218,900.320560259346,900.320560259346,1.0006263931528752,-0.6690138770110785,0.020152072071979995,1.2390404427916744,0.08543388081913354,1.2419823536851102,1.034877058683394,1.4915060709889139,1.4915060709889139,1.200907618826819,0.007101802204260821,0.4025099097095269
N09_M07_F10_K001_19.mat,N09_M07_F10,K001,19,-0.014675178413676984,0.3647385413021114,0.3650336482746013,-4.8980712858255355,4.650878903176396,4.8980712858255355,13.418136407361818,16.763104305536395,0.10227452164784423,0.022574566461021687,1.7096358185757565,1.709784852900534,-2.899082334509879,2.933521421401182,2.933521421401182,1.7157254706196878,-1.4938064355920508,0.009062105534358343,0.08518449576165683,1.7184812532278917,1.7205912402467567,-2.7613259869446676,2.8839291362777058,2.8839291362777058,1.6761268271156085,-1.4946292411180437,0.008170750689519066,1020.7381664896437,72.1998279066029,1023.2884342541855,774.0645502453863,1279.130467880356,1279.130467880356,1.250019471599558,-1.1966230325097214,0.04857955167395823,899.6708898648242,0.3319827466901767,899.6709511164116,899.0585119375723,900.2146849112895,900.2146849112895,1.0006043696244757,-1.0810298381746861,-0.22790024931716368,1.2394030272149128,0.08573620884116855,1.2423649066904403,1.0346296278725169,1.4972469725401445,1.4972469725401445,1.2051587778092423,0.12644101927078433,0.4527879022963433
N09_M07_F10_K001_2.mat,N09_M07_F10,K001,2,-0.015629433127413928,0.3651066765817936,0.3654410547057989,-4.879760738962637,4.418945309579674,4.879760738962637,13.353072064908321,16.558021769945384,0.04867251831009238,0.021873096121683956,1.6689094787378216,1.6690528093966635,-2.8405358867946644,2.874286191948141,2.874286191948141,1.7221062004545864,-1.4942857736708757,0.008157366878085243,0.07676150288981509,1.6779423357399765,1.6796972377170922,-2.768213804322928,2.7709689312742323,2.7709689312742323,1.64968356740308,-1.4939213927882193,0.007181021201780045,1020.9152718144867,70.89460315945007,1023.3738500573401,753.6177729151487,1253.4957022722972,1253.4957022722972,1.2248658710617466,-1.2182960298498289,0.05116823904885836,899.728700889796,0.26718775693354097,899.728740562475,899.3533565651994,900.4399916204366,900.4399916204366,1.0007905172146851,0.6987899606162125,1.023882265756483,1.2084045340797784,0.08270033564501614,1.2112311354569634,1.0196955448798497,1.4469048668581304,1.4469048668581304,1.194573706456327,0.0192200820589723,0.40947475904464564
N09_M07_F10_K001_20.mat,N09_M07_F10,K001,20,-0.013627511665600549,0.3631478228709499,0.36340342641492374,-4.217529294087782,4.443359372063539,4.443359372063539,12.227070657804523,16.514139786184355,0.11362893965920798,0.024320091308882626,1.7102249574749888,1.7103978695062734,-2.885306699753358,2.936276548352486,2.936276548352486,1.716721355131293,-1.4942735729526608,0.007785541669772185,0.08683131803393347,1.7185810158749495,1.7207731942116264,-2.8274490337759692,2.828137815513795,2.828137815513795,1.6435273544631828,-1.4947912369218825,0.007634488490456675,1020.8525811831321,72.24329668425867,1023.4056314209304,746.5987299510374,1283.7081045960806,1283.7081045960806,1.2543492679571615,-1.1730216871590198,0.06344952839397096,899.7793841322838,0.37655568696964664,899.7794629261424,899.0180793559729,900.5415341022448,900.5415341022448,1.0008469532896695,-0.20070640077337654,0.01024529512868213,1.2398373903671158,0.08653491723794579,1.242853590111771,1.0361248965403171,1.4984798581477372,1.4984798581477372,1.2056768955488775,-0.05209856248421252,0.3721016930482679
N09_M07_F10_K001_3.mat,N09_M07_F10,K001,3,-0.015762982772731107,0.3614607750356477,0.3618043166067321,-4.440307614253055,5.007934567002931,5.007934567002931,13.84155560655284,17.09948629218525,-0.032107390039841754,0.022487274478951196,1.677769037306603,1.6779197299210165,-2.8735974102103152,2.8405358867946644,2.8735974102103152,1.7125952803150972,-1.4940681401067666,0.009301647208612417,0.07857837287047605,1.6860469193721386,1.6878770023337755,-2.8226275616111867,2.7709689312742323,2.8226275616111867,1.6722945793493404,-1.4937342234162956,0.007015833047823777,1018.050460632704,70.9060111470619,1020.5167332343199,785.6612299252224,1250.749120242862,1250.749120242862,1.2256037353536258,-1.2344360055983443,0.06527139393331331,899.750317923382,0.23958618589931388,899.7503498219755,899.3701779687269,900.1636944932712,900.1636944932712,1.0004593992893445,-1.3238520845310848,0.22204927557062845,1.2147955634764336,0.08432074201500722,1.217718460308452,1.0053995878274455,1.4786766079933136,1.4786766079933136,1.2143008882519197,0.10241890907409124,0.44264187145220846
N09_M07_F10_K001_4.mat,N09_M07_F10,K001,4,-0.015832600725837625,0.36246880368783974,0.3628144221122384,-4.4281005830111235,4.79736327807959,4.79736327807959,13.22263665857115,16.784399186018213,0.09349707919585788,0.020068153318822272,1.6827942118374188,1.682913868910453,-2.907347715363792,2.9107916240529224,2.9107916240529224,1.7296141399900746,-1.4941219857914845,0.008932047446675195,0.07750254842839689,1.6916778964682833,1.693452317135694,-2.7840557842929274,2.750305479139451,2.7840557842929274,1.6440119134868116,-1.4937518880733072,0.006792297640069615,1016.3626960934683,71.39588767104253,1018.8672645574203,745.3780268268441,1323.9913076944588,1323.9913076944588,1.2994737918776686,-1.148691610017913,0.07712734136959411,899.7547903793674,0.3089895750885168,899.7548434352419,899.3412747086763,900.3527991985682,900.3527991985682,1.0006645763206379,-1.1050576859547456,0.31629095268609564,1.2186861705658678,0.08191370806161505,1.2214359737198273,1.0244985953426262,1.4714747417039826,1.4714747417039826,1.204708861834709,0.1375359729717167,0.4643029305151257
N09_M07_F10_K001_5.mat,N09_M07_F10,K001,5,-0.0151910665196081,0.3640914294381348,0.3644082017357834,-4.9407958951723,4.913330074877952,4.9407958951723,13.558410243342045,16.52193484869913,0.051992515282913244,0.020974166820314628,1.6872799720833624,1.6874103294301117,-2.8150509624951,2.90941406057727,2.90941406057727,1.7241888412285973,-1.494922515022221,0.008928779916067038,0.0771464577325811,1.6950256581724334,1.6967803504884111,-2.737218626120755,2.812984617281622,2.812984617281622,1.6578366295153737,-1.4938071018954038,0.006616814754462959,1015.1127360698233,71.35842205033562,1017.6177530530197,763.0782221276467,1273.637303821486,1273.637303821486,1.251587150479997,-1.2021391960354257,0.04986768167206389,899.7070966758567,0.27484492023429513,899.707138656035,899.1031392562589,900.0930936304543,900.0930936304543,1.0004289784506943,-0.28798770207954494,-0.7718601968013117,1.2215425664517416,0.08276521502011198,1.2243432208620395,1.0289621757471281,1.4658753671185367,1.4658753671185367,1.1972748671621987,-0.01016098474906535,0.39236154291057196
N09_M07_F10_K001_6.mat,N09_M07_F10,K001,6,-0.015620075681369121,0.3638515525140747,0.36418668156756384,-4.611206051640115,4.3243408174546945,4.611206051640115,12.661654818875208,16.429010260485825,0.060182355839488375,0.02203223000623977,1.6896647359054562,1.689808373432178,-2.858444211978142,2.900459897985531,2.900459897985531,1.7164430852561068,-1.4937394089777007,0.009329446476313268,0.07502151821642995,1.6982085440239567,1.699864843801255,-2.7530606060907545,2.7930099468846663,2.7930099468846663,1.643077658244234,-1.4938293655255115,0.008696477852828522,1013.8687847232846,71.84374823902117,1016.4110570026784,754.5333002582937,1271.1958975730995,1271.1958975730995,1.2506710634590723,-1.160078546397367,0.0665750704956517,899.7306384947943,0.2924115042038475,899.7306860115077,899.2576071440529,900.2063250155223,900.2063250155223,1.000528645973078,-1.2582698577291418,-0.1489986586879423,1.2237185665768868,0.08375518544142894,1.2265814531751729,1.0220867467452575,1.4868191848148553,1.4868191848148553,1.2121650632870908,0.008869926659848204,0.39232041167148424
N09_M07_F10_K001_7.mat,N09_M07_F10,K001,7,-0.01444884294758336,0.3649336231865021,0.36521954820977454,-4.327392575265178,4.309082028402279,4.327392575265178,11.848743027247856,16.561237334986888,0.19479422850566822,0.024970380775124718,1.7016441094986812,1.7018273106598139,-2.9045925884124872,2.936276548352486,2.936276548352486,1.7253669217554541,-1.494145972440362,0.008240464318672069,0.07903114963099166,1.710315229083453,1.7121402119706142,-3.0010220317081355,2.7930099468846663,3.0010220317081355,1.7527898770942731,-1.4944744248071664,0.007399067330358513,1013.3169842002773,71.64912109229653,1015.8468915255112,753.0074213530521,1275.1631827267279,1275.1631827267279,1.2552710387406885,-1.1941111211231206,0.05822664413108091,899.7307359057861,0.4032261596268862,899.7308262613342,899.1108145868861,900.5899439944617,900.5899439944617,1.0009548608406553,-0.5747026086120908,0.6082069444052376,1.2329104063003544,0.08389633763624145,1.2357615730522125,1.0396854726475155,1.4851572622306473,1.4851572622306473,1.20181537815782,0.0022861370571534145,0.40221562443963826
N09_M07_F10_K001_8.mat,N09_M07_F10,K001,8,-0.016310760377585814,0.3640848756832407,0.36445004816212584,-4.605102536019149,4.913330074877952,4.913330074877952,13.481491084046322,16.97772419889291,0.048114505633582105,0.022292620099331226,1.7035249240605332,1.7036707803464668,-2.8887506084424883,2.9328326396633564,2.9328326396633564,1.721478511867722,-1.4942538559360632,0.009693984638315957,0.08378662817423427,1.7111554919129506,1.713205567515078,-2.7620147686824934,2.7826782208172753,2.7826782208172753,1.624252380205264,-1.4934890309784792,0.005007324745064063,1014.0410300066777,71.7515975207071,1016.5763632328747,752.7022455720039,1271.8062491351964,1271.8062491351964,1.2510680900455426,-1.204650925102135,0.07413378026365444,899.7621604875525,0.5141999550420425,899.7623074161431,898.9142235375713,900.6785787935696,900.6785787935696,1.00101834825695,-1.2264162617236058,0.06182022808903478,1.2341218333305422,0.0835785913321982,1.2369486975748887,1.050667591415558,1.4748262210174339,1.4748262210174339,1.1923099348492934,-0.017440276597738613,0.39855840448545643
N09_M07_F10_K001_9.mat,N09_M07_F10,K001,9,-0.015432500150475622,0.36643872616003237,0.36676355065720695,-4.708862301575578,4.888916012394087,4.888916012394087,13.329885163434572,16.702479329569645,-0.020784774969338803,0.02388478833208614,1.7037933240167444,1.7039607313778378,-2.8908169536559662,2.945230710944225,2.945230710944225,1.7284616110622955,-1.4943024694551248,0.008051243707123757,0.08118144108491993,1.712364513627753,1.7142877978648265,-2.7985202007872747,2.829515378989447,2.829515378989447,1.65054863163213,-1.49412397918261,0.006734292120956249,1015.5558045386399,71.9127702625154,1018.0987371856196,793.5958002324787,1271.1958975730995,1271.1958975730995,1.2485978531779038,-1.2396907180966774,0.057137687196200986,899.7872488727797,0.2498684056491429,899.7872835666582,899.4919497344912,900.4088622374911,900.4088622374911,1.0006908062407474,0.08216337690821396,0.9228606496009409,1.234650541269383,0.08354967294058534,1.2374742449462368,1.0442471923964436,1.4909596689374542,1.4909596689374542,1.2048409694395137,0.12994669079807064,0.4620573513999563
N09_M07_F10_KA04_1.mat,N09_M07_F10,KA04,1,0.04179368379984798,0.21306522138836012,0.21712554103751264,-1.8890380846891006,1.6265869129875457,1.8890380846891006,8.700211295559802,5.955542364652796,-0.6608054366239026,0.025701287017791896,1.6415639717402406,1.6417651566134435,-2.8212499981355346,2.845357358959446,2.845357358959446,1.7331086285377846,-1.4920554613429722,0.005235299065443288,0.1439059767617194,1.6545140464855308,1.660760566778267,-3.1236251810411737,3.4225564552576837,3.4225564552576837,2.0608367778728933,-1.4910379593722218,0.008943016125842251,1105.6864704457535,50.6364264219492,1106.8453453882225,842.1187494191615,1384.7212881230746,1384.7212881230746,1.2510521852873564,1.5335228474145017,-0.648117630198022,899.6080446192794,0.45900760563639,899.6081617191484,899.0502039914142,900.673873743968,900.673873743968,1.0011846402357922,0.006053023627553333,1.0931211401370693,1.1841020165258513,0.09081705420267408,1.1875796069631035,0.9917447218477589,1.420107743983976,1.420107743983976,1.195800042083492,-0.6340845631399508,0.3255056003980941
N09_M07_F10_KA04_10.mat,N09_M07_F10,KA04,10,0.04550924402484888,0.21378742513291873,0.21857757075390097,-1.660156248902861,1.4160156240642048,1.660156248902861,7.595272667624485,5.375101724072223,-0.6676014046850389,0.024955681008565003,1.6839241705046242,1.684109081391193,-2.8618881206672717,2.8949496440829225,2.8949496440829225,1.718979890359293,-1.4927918392461816,0.005906475803337109,0.14793408577630116,1.6964431631427856,1.702881058532383,-3.1745950296403027,3.5265624976694183,3.5265624976694183,2.070938824528804,-1.4909186199609024,0.008104776994078817,1110.546148249544,49.73258489468723,1111.659155223491,833.5738275498086,1380.4488271883981,1380.4488271883981,1.241791443629022,1.323647841115747,-0.5071506987147338,899.8529097509453,0.4014272335900959,899.8529992899213,899.3005452901473,900.7748570721208,900.7748570721208,1.0010244537529207,-0.18534866242503645,0.8071344275812277,1.2152698720480481,0.0928024269295587,1.2188080867600506,0.9963855296751055,1.4698236644631015,1.4698236644631015,1.2059516838047275,-0.5982965649270122,0.3409474290843881
N09_M07_F10_KA04_11.mat,N09_M07_F10,KA04,11,0.0444135526391105,0.21283740951331157,0.2174220010632874,-1.6937255848181758,1.3244628897497088,1.6937255848181758,7.790037698738521,5.229597363551578,-0.6577010907511599,0.026403334019964603,1.6864663506581155,1.6866730234249525,-2.9107916240529224,2.7165551739859737,2.9107916240529224,1.725759280919949,-1.4928452385875977,0.00547635521662813,0.14937138075496137,1.6993088760662443,1.705861209379639,-2.8901281719181404,3.5244961524559404,3.5244961524559404,2.0661095598379156,-1.4912928545256865,0.008819855803751,1112.0359171436396,49.18625078125414,1113.123159530612,781.9991205526426,1375.566014691625,1375.566014691625,1.235771624113617,1.2638077171748385,-0.6325374551487191,899.6141084227164,0.2852053566927819,899.6141536321527,898.9663155743791,900.1015668204452,900.1015668204452,1.0005418024897947,-0.5855975125330324,-0.3152930749557016,1.2174085214444357,0.09347772440758412,1.2209920528185052,1.0205156417935086,1.4611748724262137,1.4611748724262137,1.19671120631234,-0.6412643822495907,0.32868254561828103
N09_M07_F10_KA04_12.mat,N09_M07_F10,KA04,12,0.04587769465748866,0.21505180191800366,0.21989097383764084,-2.005004881487462,1.5502929677254655,2.005004881487462,9.11817727892679,5.279152447856703,-0.6625671991631121,0.025155903158415198,1.687747603838317,1.6879350679826806,-2.8735974102103152,2.8880618267046625,2.8880618267046625,1.711002917995123,-1.4924802452781885,0.006730009956228829,0.15003962951298197,1.7004116463840526,1.7070183530304872,-3.580976254957677,3.9081475804250543,3.9081475804250543,2.2894584428379927,-1.4906497157723828,0.007557761064050928,1110.8838995092522,50.2617119043009,1112.0203585692273,775.2852533695796,1409.1353506069404,1409.1353506069404,1.2671848494032913,1.7851234306793948,-0.622542100766254,899.675688554571,0.5630460429100878,899.6758647407344,898.68419394862,900.6177940316984,900.6177940316984,1.0010469651658773,-1.1122602670130086,-0.08202848417567238,1.218339253890531,0.09356749241967063,1.22192692629643,1.022067149078317,1.4882453546325007,1.4882453546325007,1.2179495537783607,-0.558553459479016,0.36339135902782227
N09_M07_F10_KA04_13.mat,N09_M07_F10,KA04,13,0.04448019590046796,0.24968579649232128,0.25361680700881967,-3.1127929666928638,2.2735595688099837,3.1127929666928638,12.273606798403604,7.315378935520609,-0.6240327151875898,0.018445840385895564,1.1840117169113935,1.1841553930168995,-2.899771116247705,2.846046140697273,2.899771116247705,2.4488096185247215,-0.4822515996394827,0.021710321124237365,0.14435711851805852,1.1945080798001846,1.203199289550472,-3.027195737745526,4.286288754491561,4.286288754491561,3.562409645448647,-0.4877370338922207,0.01747633823583519,1111.7605002997366,49.84117652723263,1112.8771508591321,831.132421301422,1355.7295889234842,1355.7295889234842,1.2182203470319002,1.2800866695340973,-0.6692321618906332,930.9298619067672,154.35098294948833,943.6390378355624,679.6192904230004,1275.5697566100257,1275.5697566100257,1.351756026897549,-0.0062302048340789895,0.6573664313608567,0.73544163777594,0.42924207025727523,0.8515416357720323,-0.191534490836787,1.4882941680293489,1.4882941680293489,1.7477644139854867,-1.2091109971277985,-0.14954874156992945
N09_M07_F10_KA04_14.mat,N09_M07_F10,KA04,14,0.045887380467682946,0.21743853579316638,0.22222774024424133,-1.876831053447168,1.4984130849472512,1.876831053447168,8.44553002871928,5.618835040320027,-0.7061328099087394,0.027922094472593757,1.6911028277557791,1.6913333253393101,-2.8667095928320543,2.876352537161619,2.876352537161619,1.700642028433144,-1.493029569613366,0.00629927818904823,0.14883475836044274,1.703722484092548,1.7102111238378417,-3.122936399303348,3.3998266579094234,3.3998266579094234,1.987957282303227,-1.4922695874778564,0.0078056434551252475,1108.1307945716771,50.25141795049601,1109.2696078429678,772.843847121193,1394.7920888976691,1394.7920888976691,1.2573968303430891,1.5736593586224785,-0.679067236266698,899.7687885005482,0.6533550267646747,899.7690257130079,898.6142470988786,901.124442646716,901.124442646716,1.0015064054162501,-0.9992912934332061,-0.09289070668511452,1.2205472330176297,0.09409815549341465,1.2241691104150008,1.0235666116059674,1.5011490578204505,1.5011490578204505,1.226259546208899,-0.6193621441166517,0.3435840716159058
N09_M07_F10_KA04_15.mat,N09_M07_F10,KA04,15,0.04369009287467292,0.218453099111939,0.22277921969296913,-1.666259764523827,1.266479491350528,1.666259764523827,7.479421854606729,5.343985750616444,-0.6800888925252895,0.026451544113200245,1.6909705026068886,1.6911773782996764,-2.7813006573416232,2.892194517131619,2.892194517131619,1.710166274834787,-1.4929159031178598,0.0062188316135087275,0.15253530366758483,1.7033626615955229,1.7101787555056183,-3.534139096785505,3.2462283303742128,3.534139096785505,2.0665319841028134,-1.4913037954749453,0.00809901325061454,1109.071792948962,50.1586729483797,1110.2054469272648,783.2198236768359,1382.279881874688,1382.279881874688,1.2450667448087636,1.2599809389807195,-0.7156073139925364,899.7131494592484,0.6439674055934408,899.7133799182378,898.5814895697624,900.921766192876,900.921766192876,1.0013430791423241,-0.8473050630508765,-0.07159619433885586,1.2203639424008403,0.0950885920292128,1.2240629037129664,1.0249050789535836,1.4803527717348857,1.4803527717348857,1.2093763868217162,-0.6600158037222918,0.32372572067797745
N09_M07_F10_KA04_16.mat,N09_M07_F10,KA04,16,0.041146111461150256,0.22853974765565943,0.23221416568953304,-2.1453857407696897,1.5533447255359487,2.1453857407696897,9.238823714303628,5.1552438137654875,-0.5818161773502918,0.03300654733264688,1.7001920576977885,1.7005124125467184,-2.9638278178655284,2.934210203139008,2.9638278178655284,1.7429027838890314,-1.4929119651444873,0.006164897733351924,0.1547125719049351,1.7121051172891317,1.7190811244828066,-3.0692114237529156,3.442531125654639,3.442531125654639,2.0025414022798604,-1.4911220087878918,0.00945931192361062,1114.3731948232055,51.015588328863,1115.540320917634,719.438085437737,1402.4214834238774,1402.4214834238774,1.25716790072658,1.3778134550234071,-0.7534527983160263,899.7090835878348,0.2591461949075529,899.7091209092035,899.3958392171563,900.330229722368,900.330229722368,1.0006903440220065,-0.08668739332051256,0.9957018869790134,1.2264651908639481,0.09873515063504863,1.230433051560249,1.0178462214733144,1.4843874679711242,1.4843874679711242,1.2063943390409162,-0.6639224887211612,0.32006864203904406
N09_M07_F10_KA04_17.mat,N09_M07_F10,KA04,17,0.044347815303646954,0.22920884464508562,0.23345968214178095,-2.1453857407696897,1.5533447255359487,2.1453857407696897,9.189534231725668,5.06496640618788,-0.582311194553804,0.030815708495373843,1.7047704462003423,1.7050489383381893,-2.8839291362777058,2.923189695333791,2.923189695333791,1.7144315506761065,-1.4926899514281144,0.006641928593077827,0.1544376352029177,1.7173528976466002,1.7242830272963436,-3.525873715931592,4.377896725622426,4.377896725622426,2.538966432028806,-1.4909982504660784,0.007735541674858741,1115.492872736132,51.332487040691774,1116.6733512316353,841.508397857065,1428.0562490319362,1428.0562490319362,1.278848687001316,1.4109730134180083,-0.7449184641831501,899.5943814322937,0.5295972685531092,899.5945373210188,899.0455864387889,900.725541385468,900.725541385468,1.0012572375859654,-0.49744195060020635,0.9507124393008956,1.2301540257900268,0.09743900086081055,1.234007004054743,1.0287056053413075,1.4914518371541816,1.4914518371541816,1.2086250987664717,-0.6873030381720504,0.3084026592321734
N09_M07_F10_KA04_19.mat,N09_M07_F10,KA04,19,0.04184635025820835,0.2291012832387492,0.23289163791680934,-2.148437498580173,1.4526367177900033,2.148437498580173,9.225052122084398,5.292289361325066,-0.6170599657033452,0.033751752665693406,1.6993614226430922,1.6996965686779393,-2.8928832988694446,2.9590063457007463,2.9590063457007463,1.7409027000638857,-1.4922828119285263,0.006063573012949839,0.15521914570790954,1.7117966462738252,1.7188195779047344,-3.297198178973341,3.327504575437687,3.327504575437687,1.9359242925857074,-1.491319548021213,0.009100661733381301,1115.9303713633888,51.55234847878575,1117.1205120151135,807.6338861607014,1374.345311567432,1374.345311567432,1.2302569837235595,1.4544316882752604,-0.7001170768732007,899.727474312483,0.8517901646066627,899.7278775158654,897.9027661351138,900.8602739306867,900.8602739306867,1.0012585987864995,-0.49459655245063994,-0.6641545921208245,1.226060487895597,0.09914786043811379,1.2300628513243725,0.9885881773043772,1.4983550534589571,1.4983550534589571,1.2181125963162958,-0.6213799950750634,0.338734651366272
N09_M07_F10_KA04_2.mat,N09_M07_F10,KA04,2,0.04384217779151088,0.2099956241470528,0.21452342229792234,-1.9592285143302146,1.4923095693262847,1.9592285143302146,9.132935198140318,6.134495293563029,-0.7282091089079675,0.02359502833507703,1.6717046179725519,1.6718711239545014,-2.882551572802054,2.835025632892056,2.882551572802054,1.724146994048149,-1.4927547957279486,0.005901308293222823,0.1447957556695875,1.6840615870593365,1.6902749006799866,-3.021685483842918,3.7931210302081024,3.7931210302081024,2.2440852838092518,-1.491027034625521,0.008554863074718217,1105.223477001185,49.97622623240856,1106.3528177317676,791.154393984092,1414.6285146658101,1414.6285146658101,1.2786413990123566,1.4389678649657256,-0.6449720174203583,899.7314956388724,0.5771340234685743,899.7316807405658,898.717947312205,900.7009672485008,900.7009672485008,1.0010773061888152,-1.2184913838094966,0.0011226791797802132,1.2062951102796309,0.0914766106377223,1.2097585971499902,0.9829680115726378,1.4659047227615065,1.4659047227615065,1.2117332550601072,-0.5535162711163921,0.35608184776920787
N09_M07_F10_KA04_20.mat,N09_M07_F10,KA04,20,0.042908492535217425,0.22991098677541286,0.2338807400614443,-1.9042968737415167,1.3000488272658433,1.9042968737415167,8.142170549149224,4.961049302760159,-0.5610140885931463,0.028739312371896652,1.7106547958606853,1.7108961916717136,-2.9245672588094433,2.9638278178655284,2.9638278178655284,1.7323247502056671,-1.4926697549393768,0.007193553875004396,0.15698285519572908,1.7233053848416147,1.730440714456727,-3.5052102637968106,3.0933187845768275,3.5052102637968106,2.025617078073243,-1.4910187740331435,0.0087587641999463,1116.0411061741092,51.90275595709115,1117.2473525349124,832.3531244256153,1422.8682607541148,1422.8682607541148,1.273548115845414,1.5956007788757907,-0.652824477632267,899.9683174908791,0.8934298001866422,899.9687609601634,897.9896082915556,901.3838797381982,901.3838797381982,1.0015724087761946,-1.141795607095164,-0.11969757930492608,1.234342796907595,0.09803925425683782,1.238230122252282,1.0408307913921968,1.4834259562926195,1.4834259562926195,1.1980212156318228,-0.6563326972724512,0.3329732313614921
N09_M07_F10_KA04_3.mat,N09_M07_F10,KA04,3,0.04452070485338346,0.20955333648275756,0.21423046933547504,-1.8737792956366845,1.4617919912214528,1.8737792956366845,8.746558327809256,5.777223786742329,-0.6434421039591003,0.023426397804489903,1.6540003685303588,1.654166259845925,-2.8804852275885753,2.846046140697273,2.8804852275885753,1.741351699349057,-1.4928850107654363,0.006475845195100313,0.1447207754692235,1.666173090043712,1.672446372484997,-3.4631945777894204,3.5465371680663735,3.5465371680663735,2.1205685434306436,-1.4907786188203354,0.007570459224973387,1103.719220505888,50.35186275840453,1104.8671539137029,737.1382807385395,1375.566014691625,1375.566014691625,1.245005799854799,1.6397648344296236,-0.8296126345346234,899.6563485348127,0.46846393633922045,899.6564705027424,898.8885252433886,900.6471941201012,900.6471941201012,1.0011012243560091,-0.5574763347509251,0.5225043943561212,1.1933087759036565,0.09077601914272115,1.1967565000032723,0.9954876558264033,1.4439561971355523,1.4439561971355523,1.2065580568240943,-0.5286510550959864,0.37685477110008886
N09_M07_F10_KA04_4.mat,N09_M07_F10,KA04,4,0.04489555355919728,0.20970105969367628,0.2144531304645319,-1.8127441394270207,1.464843749031936,1.8127441394270207,8.452868631483222,5.794243769536813,-0.7246295260647502,0.02405189775069506,1.6767657491108572,1.6769382431016069,-2.830204160727273,2.8336480694164035,2.8336480694164035,1.6897748507275892,-1.4926906166086262,0.006200226973127419,0.147603986526933,1.689181380281479,1.6956180797362024,-3.097451475003784,3.049925535093786,3.097451475003784,1.8267388818392838,-1.490993936313389,0.007745033109709103,1105.210197112566,49.60148976046404,1106.322686917363,774.3697260264345,1379.5332998452532,1379.5332998452532,1.2469538193139285,1.6876204082415303,-0.7412000833342962,899.8335823037329,0.29387166231094747,899.8336302906905,899.4243898477858,900.4077171738709,900.4077171738709,1.0006379922508508,-1.0175282078384715,0.6145980235849571,1.210203470233284,0.09309323395024385,1.2137787234796948,0.9889067234173025,1.4923630240149617,1.4923630240149617,1.2295181940054227,-0.5438080754746002,0.35816610913419694
N09_M07_F10_KA04_5.mat,N09_M07_F10,KA04,5,0.043115554684458005,0.20971680219717945,0.21410298498516875,-1.858520506584269,1.2756347647819777,1.858520506584269,8.680497876818539,5.850303711706392,-0.7243912065756464,0.02608301589931692,1.6773849084707697,1.6775876891786898,-2.858444211978142,2.885306699753358,2.885306699753358,1.7199140875705525,-1.4931962526224531,0.005729345251051061,0.14391998103883308,1.6893171798268012,1.6954366679413875,-3.0451040629290036,4.032128293233745,4.032128293233745,2.3782240702211466,-1.4913264472210186,0.008568940222314993,1105.7029679803204,49.488137262107436,1106.8098884316869,787.187108830464,1394.4869131166208,1394.4869131166208,1.2599154811424416,1.2867268381367527,-0.6173505676929874,899.8136941567296,0.35142536746561764,899.8137627819267,899.304224803984,900.4561170727947,900.4561170727947,1.0007138747121205,-1.011386395508844,0.3328129179499946,1.210328608952768,0.09157892239266728,1.2137883014249826,1.006966832505559,1.4555073941719305,1.4555073941719305,1.199144358586395,-0.5642482978158703,0.36124490477874355
N09_M07_F10_KA04_6.mat,N09_M07_F10,KA04,6,0.04436541969460333,0.20801764632070865,0.21269610162268074,-2.001953123676979,1.3519287100440576,2.001953123676979,9.412269940087619,5.828700269843299,-0.7106340581607786,0.025456532685615523,1.6794825694254163,1.6796754853423834,-2.86739837456988,2.7496166974016245,2.86739837456988,1.7071144989565603,-1.4928599198384662,0.006334379325155067,0.14457099117982247,1.6916785785086357,1.6978448646668856,-2.9300775127120517,3.289621579857254,3.289621579857254,1.9375277731883194,-1.4912029370158344,0.007863049123297272,1106.6149629980162,49.20275824842858,1107.708259313053,770.4024408728064,1360.307225639209,1360.307225639209,1.228037449574318,1.3265435319317298,-0.640189030437938,899.5705216712387,0.4832761726484704,899.5706514864319,898.5359742731882,900.4656555590348,900.4656555590348,1.000994923601747,-0.1223552738509146,-0.42982008067946054,1.2120080052410844,0.09154799501728798,1.215460587662207,1.0145720598844208,1.4609885018287807,1.4609885018287807,1.2020040112027137,-0.5656046772981025,0.362337458513847
N09_M07_F10_KA04_7.mat,N09_M07_F10,KA04,7,0.04495453312226755,0.21121147482271507,0.21594257835134656,-1.8371582019108865,1.2451171866771455,1.8371582019108865,8.507623720791933,5.663616596867701,-0.6971770686371414,0.024147208188691753,1.6804434099261394,1.6806168931756873,-2.8956384258207493,2.801275327738579,2.8956384258207493,1.722961632468874,-1.4930795400705634,0.006827952358911731,0.14396192659060594,1.6926495544189182,1.6987605924267963,-3.3178616311081224,3.3867398048907282,3.3867398048907282,1.993653384702395,-1.4917152931939464,0.009182599812377248,1106.6249811225805,49.67405474117656,1107.7393017127185,772.5386713401447,1414.3233388847616,1414.3233388847616,1.2767655139598475,1.546546861144912,-0.6641322663170179,899.6594789017098,0.7475133483925799,899.6597894503799,898.4453970842658,901.0881656161143,901.0881656161143,1.0015876847920557,-0.911269555716828,0.2509305177642491,1.2125346744084509,0.09223580036361925,1.2160377377004077,1.0180787816605124,1.4760204080105834,1.4760204080105834,1.21379490311034,-0.5504107441683224,0.36148769907611283
N09_M07_F10_KA04_8.mat,N09_M07_F10,KA04,8,0.042080931896061866,0.21045323274367198,0.2146191231030058,-1.9409179674673154,1.3244628897497088,1.9409179674673154,9.043546257226005,5.437352860103058,-0.6634106633149904,0.025199415737556238,1.6818486064275748,1.6820373793396775,-2.899082334509879,2.885306699753358,2.899082334509879,1.7235540482744685,-1.4927277500436715,0.006449337874541392,0.14821221749931074,1.69451019273011,1.7009796161865953,-3.038905027288569,3.2028350808911705,3.2028350808911705,1.882935603938374,-1.4917548171711743,0.008797785633927068,1107.3192495605304,49.225529759425044,1108.4128622617984,796.0372064808653,1374.0401357863834,1374.0401357863834,1.2396465094987736,1.215081625832413,-0.6808316481292117,899.7455559382727,0.6424480098414005,899.7457853027803,898.6637601662529,900.888029600335,900.888029600335,1.001269518919914,-1.1039076577047542,0.043574362604569816,1.213679385026259,0.09376258661833689,1.2172958031173355,1.019451571229644,1.4908564101796673,1.4908564101796673,1.2247281280045317,-0.5579860087784052,0.35592054885848373
N09_M07_F10_KA04_9.mat,N09_M07_F10,KA04,9,0.04360050810060976,0.21171532955824465,0.2161582408250666,-1.6693115223343102,1.2573242179190784,1.6693115223343102,7.722636509080666,5.331132739012421,-0.691625778210675,0.026292028053649445,1.682407281204098,1.6826127096238572,-2.905281370150314,2.8405358867946644,2.905281370150314,1.7266488916512348,-1.492893432322585,0.006860441482902403,0.15028794512170013,1.694963046053003,1.7016128213945079,-2.9810473613111803,3.1401559427489993,3.1401559427489993,1.8453997896980905,-1.4922170504890653,0.008344822869133857,1109.4402603370197,49.39831134344941,1110.539456489619,811.9063470953779,1358.1709951718708,1358.1709951718708,1.2229831072054005,1.184962143095479,-0.6608693494203725,899.6284141249109,0.3138973034655845,899.6284688872508,898.9407319318955,900.2963453776173,900.2963453776173,1.0007423914576565,-0.41921794138613633,-0.6485300665680689,1.2141604560505899,0.09483990233254211,1.2178588670742692,0.9970850913197536,1.4945815983239124,1.4945815983239124,1.22722068930239,-0.5892014044132674,0.34829301664861034
N15_M01_F10_K001_1.mat,N15_M01_F10,K001,1,-0.014042519301540558,0.39600234232772835,0.3962512428717183,-4.9682617154666495,4.8980712858255355,4.9682617154666495,12.53816058584595,11.91556246228126,0.11921436535661799,0.022031429098489423,0.9211944719715465,0.9214578878381031,-1.8280267321903585,1.8645321642951398,1.8645321642951398,2.0234589001887535,-1.4843062820260218,0.0012961385834047135,0.0791343455475255,0.9269612954938605,0.9303329984413599,-1.7619036853590568,1.72470947151645,1.7619036853590568,1.8938419773466866,-1.4814818728711012,0.00684618240409337,1041.5173251413673,73.18367781469688,1044.0853362001183,747.5142572941824,1324.9068350376037,1324.9068350376037,1.2689641249627328,-1.1445722688969888,0.05775916709394326,1499.6068469707357,0.1771492069528102,1499.606857434092,1499.1978117493268,1499.9030944177916,1499.9030944177916,1.0001975430975332,-0.24555482392696204,-0.8044985982203323,0.6379494915180112,0.08126815289247355,0.6431050197305597,0.4404344450440052,0.8157017075701213,0.8157017075701213,1.2683802529046875,-1.096192271809483,-0.267917607734425
N15_M01_F10_K001_10.mat,N15_M01_F10,K001,10,-0.014809407603888578,0.40659873092720505,0.40686834055403204,-4.043579098890239,4.5349121063780355,4.5349121063780355,11.145895746527863,10.854390364974035,0.06208394923172992,0.022622761246082524,0.9011916473157122,0.9014755540323898,-1.749505614078188,1.8769302355760087,1.8769302355760087,2.082064485476409,-1.4826035511080609,0.004902724652783384,0.08759890171866279,0.9047376748915248,0.9089685516839613,-1.666851805539061,2.0580798326242618,2.0580798326242618,2.2641925606903,-1.4844775490289066,0.024841709076863446,1052.8069531175486,72.82780508581203,1055.3228746342388,758.500585411922,1328.2637686291353,1328.2637686291353,1.2586325953462292,-1.186333671343744,0.06524729674083449,1499.5906936477209,0.15762013127954808,1499.5907019313497,1499.2201976237006,1499.7849668103327,1499.7849668103327,1.0001295452677406,-0.7430199444016221,-0.7205354144453752,0.621915487222574,0.0967385392985563,0.6293943265020029,0.3964425287464873,0.8189796851507118,0.8189796851507118,1.3012187283326355,-0.881650411783685,-0.14448498576876345
N15_M01_F10_K001_11.mat,N15_M01_F10,K001,11,-0.013821690918708784,0.40167329558987747,0.4019110293707867,-4.415893551769191,4.846191403047322,4.846191403047322,12.057871142860385,11.071472931160695,0.07865434573702629,0.016635975397841014,0.9010004383770711,0.9011540077218276,-1.844557493898184,1.7942764270368816,1.844557493898184,2.046883749162186,-1.4816036590758537,-0.017868490105538818,0.09135915239057793,0.9070339938555392,0.9116233656149095,-1.763970030572535,1.7357299793216667,1.763970030572535,1.9349767646452318,-1.4840498179708936,0.03545186636320844,1052.4738538866445,73.02365258085274,1055.0041075518402,805.1924799123148,1300.7979483347867,1300.7979483347867,1.2329790367862326,-1.204329084868834,0.07606974778993544,1499.6207654050197,0.32358117976282924,1499.6208003154386,1499.00088322395,1500.04769887394,1500.04769887394,1.0002846710037707,-1.2060247421510704,-0.232029371210361,0.6219555985540877,0.08250807013336235,0.6274044534508065,0.4385472224712026,0.8132143611133681,0.8132143611133681,1.2961565010267027,-1.0142206959554418,-0.007290398128697741
N15_M01_F10_K001_12.mat,N15_M01_F10,K001,12,-0.014507995973648938,0.4069209019786756,0.40717944743602946,-4.168701169120051,4.852294918668288,4.852294918668288,11.91684636644293,10.836665051267651,0.03342848455733206,0.023138671485515534,0.9013061628024254,0.9016031262278025,-1.7791232288047085,1.8659097277707917,1.8659097277707917,2.06954664806624,-1.478475910284293,0.010503895129301147,0.08733263186369095,0.9057457434473608,0.9099463392757021,-1.7591485584077526,2.104916990796434,2.104916990796434,2.3132320005506073,-1.4870096613104635,0.01882547953650814,1052.9378625835411,72.95048365332654,1055.4619441397451,768.5713861865164,1314.2256827009126,1314.2256827009126,1.2451663368801733,-1.2024460281043632,0.06228858595809007,1499.607953196905,0.15542713627063975,1499.6079612515418,1499.2412339668863,1499.8394911334249,1499.8394911334249,1.000154393606773,-0.004015847964361718,-0.8655566289591714,0.6215848436833494,0.0891720942457995,0.6279485490778967,0.4139920478060378,0.818997248487034,0.818997248487034,1.3042426002730327,-0.9852824322882436,0.019867498446085232
N15_M01_F10_K001_13.mat,N15_M01_F10,K001,13,-0.015011500645805573,0.3973138375851474,0.39759732228509276,-4.794311520269107,4.745483395301376,4.794311520269107,12.05820877443284,11.97002614912423,0.07794662016316002,0.01777006251663865,0.8990667249664309,0.8992423205475315,-1.7736129749021001,1.8225164782877499,1.8225164782877499,2.0267245398081957,-1.4839339279661974,-0.012290138172699666,0.09100959551223543,0.9062918949582945,0.9108500125390553,-1.594529723067325,1.7267758167299279,1.7267758167299279,1.895785028224817,-1.4804381493480852,0.040027284205238545,1052.368905034826,73.06799406488062,1054.9024808203192,799.0889642913485,1307.5118155178495,1307.5118155178495,1.2394622624274187,-1.18345932287356,0.08224282348010749,1499.649831730753,0.221832788168766,1499.6498481378453,1499.3081096609997,1500.039473400027,1500.039473400027,1.000259810823617,-1.4299044495259203,0.02005299327274819,0.6209111045596728,0.08623003142624046,0.6268701764203521,0.4151197386552835,0.8056420962916168,0.8056420962916168,1.285181727566168,-0.9962859763404208,-0.3041617874910477
N15_M01_F10_K001_14.mat,N15_M01_F10,K001,14,-0.015439402341374366,0.4043264826155103,0.40462115576040936,-4.553222653240934,4.443359372063539,4.553222653240934,11.253051375141293,10.909396150635144,0.000520064227298081,0.017970613948023004,0.8995803709593022,0.8997598495048246,-1.8314706408794887,1.7963427722503598,1.8314706408794887,2.0355105219325176,-1.481983933487592,-0.020310916190077088,0.09054821999358531,0.9040669788910403,0.9085901619900908,-1.7281533802055802,1.7591485584077526,1.7591485584077526,1.936129876813412,-1.4863957894958004,0.028821818889668345,1052.1817044826012,72.84827950313472,1054.7005314659127,797.2579096050586,1347.4898428351796,1347.4898428351796,1.2776042133612309,-1.1631933113497726,0.07810602916866705,1499.56444977609,0.4193422932402989,1499.5645084091,1498.8900315285182,1500.463160907964,1500.463160907964,1.0005992756522475,-0.665021147637868,0.37605474934012817,0.6203035272303258,0.08656299644425404,0.6263143126640102,0.39689022495113296,0.821418619440928,0.821418619440928,1.311511812570668,-0.9126132049693707,0.08126563343804437
N15_M01_F10_K001_15.mat,N15_M01_F10,K001,15,-0.014645793438607196,0.4026153014804112,0.4028815958214134,-4.727172848438476,4.699707028144128,4.727172848438476,11.73340479552187,11.041972163407946,0.07757998911406225,0.020837941929912358,0.8973178489457695,0.8975597706339881,-1.7687915027373178,1.8142510974338375,1.8142510974338375,2.0213150776046347,-1.4844002598822688,-0.007264811625734008,0.09002685461293947,0.9035678678166079,0.9080416985481176,-1.7591485584077526,1.6854489124603647,1.7591485584077526,1.9372993125981808,-1.482933422724146,0.031950302956795615,1051.4014950674941,73.32868455176454,1053.955501816018,805.8028314744115,1370.3780264138036,1370.3780264138036,1.300223798872508,-1.1726167873461923,0.04180382817938294,1499.6154388230796,0.20706797630189813,1499.6154531191269,1499.3312106356386,1500.0447670628275,1500.0447670628275,1.0002862826885437,-1.085444921571129,0.33468329298882216,0.6196529793437325,0.09497083593216313,0.6268885662438087,0.3959336422175807,0.8052535656572843,0.8052535656572843,1.2845242504297105,-0.9018174287933465,-0.33814691850147804
N15_M01_F10_K001_16.mat,N15_M01_F10,K001,16,-0.016417294923847206,0.4038910848570624,0.4042246108287214,-4.302978512781312,4.736328121869927,4.736328121869927,11.717070151072049,10.54369330495087,-0.01910589786636815,0.018047644400858053,0.8984788928584004,0.8986601350791502,-1.84524627563601,1.74743926886471,1.84524627563601,2.05333051240054,-1.4827478419932891,-0.015803979237956164,0.08784034927433687,0.9029111231901621,0.9071738661034928,-1.6399893177638447,1.799097899201664,1.799097899201664,1.9831897350936454,-1.4858913975137005,0.02295724256829414,1051.3274142765883,72.99324426521821,1053.8583138723436,794.2061517945754,1314.530858481961,1314.530858481961,1.2473506553758549,-1.174863948736746,0.04918063793119704,1499.5699301136383,0.241232483084809,1499.5699495169054,1499.2355848577845,1500.0116550449834,1500.0116550449834,1.0002945548010083,-1.201465154409556,0.31123019904999577,0.6197031130289314,0.08784602320708877,0.6258984519001857,0.3979873450040095,0.8119051283550404,0.8119051283550404,1.2971834742363573,-0.8143404791715687,-0.13073422375459248
N15_M01_F10_K001_17.mat,N15_M01_F10,K001,17,-0.01644404662493686,0.40046303126063426,0.4008005065813401,-4.782104489027175,4.66308593441833,4.782104489027175,11.931383345336853,12.002837059259313,0.005254650754481005,0.02299893507044257,0.8985111399894862,0.8988054404038622,-1.759837340145579,1.8259603869768803,1.8259603869768803,2.031541315722808,-1.4823574489525901,0.0038305216514444794,0.08480341261048863,0.9045127869004184,0.9084794991945313,-1.7116226184977548,1.740551451486449,1.740551451486449,1.9158951336047128,-1.4815637623080853,0.010999035205984976,1050.617280470585,72.25130286482826,1053.098723192215,805.8028314744115,1322.4654287892172,1322.4654287892172,1.255784856314783,-1.1945580743861468,0.06182052801235516,1499.5020706434757,0.25164079437725545,1499.5020917581812,1499.1264904719133,1500.0176493808433,1500.0176493808433,1.00034381920872,-0.9331768160938103,0.4449316810148098,0.6199561515301207,0.08290240738675471,0.625474571002337,0.43964847245746125,0.7968507554716759,0.7968507554716759,1.2739938478948947,-1.2049394987584108,-0.1432653875520999
N15_M01_F10_K001_18.mat,N15_M01_F10,K001,18,-0.014576798035401505,0.3969470680251665,0.39721462442203836,-4.58679198915625,5.117797848180326,5.117797848180326,12.884213051387288,11.875534998785207,0.028734268121699484,0.022182470364170963,0.8975182762837913,0.8977923580956153,-1.8052969348420986,1.8232052600255761,1.8232052600255761,2.030764957604377,-1.4844940980576042,-0.0011879348486420202,0.08708323781134562,0.9036771466806807,0.9078633574170971,-1.715755308924711,1.7212655628273195,1.7212655628273195,1.8959522363854182,-1.4813004082910777,0.009688460192013673,1050.1211719513283,72.3531742987759,1052.6107816337149,753.6177729151487,1333.1465811259084,1333.1465811259084,1.2665142751595089,-1.1309120404459811,0.046254669064966565,1499.5295880851952,0.24681233904855507,1499.5296083970086,1498.9064335318376,1499.982117985854,1499.982117985854,1.0003017676918893,0.4796613272899002,-0.6187080517816957,0.6192745970432092,0.0875425000410201,0.6254316236459915,0.3892241183573793,0.8029879951534536,0.8029879951534536,1.2838941377354516,-0.9735086387805811,-0.35628479609417085
N15_M01_F10_K001_19.mat,N15_M01_F10,K001,19,-0.014920976407071539,0.4086601371402913,0.40893244335031914,-4.690551754712678,4.907226559256986,4.907226559256986,12.000091064071247,11.106788925693802,0.027137421214787714,0.025459033303934824,0.8977856940551548,0.8981465998526449,-1.7219543445651455,1.8542004382277488,1.8542004382277488,2.0644741499126753,-1.481564133830036,0.005003451822680615,0.09154192662606336,0.901815926224547,0.9064501581017288,-1.70542358285732,1.6957806385277554,1.70542358285732,1.8814311714929663,-1.4850753165148527,0.02426816040674157,1049.5314184670724,72.64809244070226,1052.042748031076,777.4214838369178,1331.620702220667,1331.620702220667,1.2657477129259511,-1.1815680718990207,0.06491079207315581,1499.5669806660433,0.1423273491200261,1499.566987420351,1499.3274884351472,1499.9273089236551,1499.9273089236551,1.0002402836994457,0.2196672414020311,0.6821857679922619,0.618812932081743,0.09611698708574536,0.6262331196272242,0.39164381850482516,0.8092937418588665,0.8092937418588665,1.292320250229838,-0.9418963450034328,-0.12832677833432293
N15_M01_F10_K001_2.mat,N15_M01_F10,K001,2,-0.016096850925582863,0.40520618773685113,0.40552578609744744,-4.666137692228813,4.669189450039296,4.669189450039296,11.513915045878967,11.318235169694884,0.03460344245378823,0.02135089398211739,0.9146236438430749,0.9148728165983616,-1.7880773913964472,1.8569555651790532,1.8569555651790532,2.0297417646351117,-1.4823104402241987,0.006912389110463178,0.08466604154870302,0.9182906540685537,0.9221854823955856,-1.9726708971338307,1.763970030572535,1.9726708971338307,2.1391259511149223,-1.4855633921749227,0.019792553744995476,1045.3339497935722,72.86860084399554,1047.8706502140387,796.0372064808653,1306.901463955753,1306.901463955753,1.2471973174253943,-1.2234467333652372,0.05929078386525819,1499.6023723348637,0.22144216319574225,1499.6023886847415,1499.2608203430432,1499.9726394860388,1499.9726394860388,1.0002468993141722,-1.3496396635330465,0.11823654106667544,0.6325368269982736,0.08981232282308678,0.6388811241850259,0.42109804511597115,0.8305745544147181,0.8305745544147181,1.3000455373825945,-0.9122436347810456,-0.06766738274508345
N15_M01_F10_K001_20.mat,N15_M01_F10,K001,20,-0.014692318429774006,0.40686102960532344,0.40712622321872827,-4.803466793700557,4.403686520527258,4.803466793700557,11.798470645600979,10.560219118352899,0.025139285330398106,0.024236418611483537,0.8972451144900593,0.8975723923246473,-1.7295309436812323,1.84524627563601,1.84524627563601,2.055818885936271,-1.480779618497811,0.006225884705442746,0.09130951608464768,0.9008815531787188,0.9054971013677036,-1.878307799051661,1.736418761059493,1.878307799051661,2.0743388313607856,-1.4848823905672695,0.024211129207178803,1049.553351605514,72.44625559946522,1052.0507106678608,807.3287103796531,1294.6944327138203,1294.6944327138203,1.230638808172968,-1.1882305500537191,0.04615874155072983,1499.6060660338303,0.3690019831565463,1499.6061114332404,1499.0702267220115,1500.3289862506635,1500.3289862506635,1.0004820431257995,-1.1145237883896597,0.13110552776031437,0.6183999665491449,0.09641075747297463,0.6258702363785134,0.3942485504482062,0.8168166163285693,0.8168166163285693,1.3050894080775164,-0.9165065069939708,-0.097353229426573
N15_M01_F10_K001_3.mat,N15_M01_F10,K001,3,-0.016391046381869813,0.4061127627353039,0.4064434062178815,-4.6478271453659135,4.800415035890074,4.800415035890074,11.810783401703713,10.462767561265657,0.028707987287924366,0.015427757398810115,0.9098551224266093,0.9099859117064928,-1.8734863268868782,1.7694802844751436,1.8734863268868782,2.0588080571198484,-1.4808641441284673,-0.020228337074073524,0.08326350445150055,0.9137612396578296,0.9175469548064331,-1.7419290149621014,1.6882040394116689,1.7419290149621014,1.8984630768346684,-1.4876783006914243,0.024839488856447208,1047.8626308606624,73.14433627263504,1050.4123890563142,743.8521479216025,1312.3946280146229,1312.3946280146229,1.2494089385157312,-1.1717551307318745,0.0781282327729357,1499.5799696682984,0.3273155282939635,1499.5800053901194,1499.077281244503,1500.0472561944698,1500.0472561944698,1.0003115877796922,-1.4386626453579865,-0.022946039602588886,0.6288242827682772,0.08154686464380342,0.634089796268851,0.42104448158283964,0.8359834657950257,0.8359834657950257,1.318399177394384,-0.8952774002884483,0.12799307194053372
N15_M01_F10_K001_4.mat,N15_M01_F10,K001,4,-0.014998341614150383,0.39588975258985165,0.3961737579103754,-4.727172848438476,4.498291012652237,4.727172848438476,11.932069588283744,11.559600367047404,0.04385986230556829,0.015760626016668507,0.9074402493509539,0.9075771060767005,-1.8197613513364461,1.8176950061229675,1.8197613513364461,2.0050763060815417,-1.4830080030345874,-0.01614653564509679,0.08746163695957829,0.913189641346912,0.9173684423408901,-1.6647854603255827,1.714377745449059,1.714377745449059,1.8687995644088264,-1.4831539318018119,0.03582822109974935,1049.4266924990868,72.28290239913899,1051.9131147147166,768.2662104054682,1306.2911123936565,1306.2911123936565,1.2418241526990832,-1.19238637305122,0.03856551498072564,1499.6027777851502,0.2631308773688984,1499.6028008705496,1499.1965555221423,1500.0167258617976,1500.0167258617976,1.000276023084918,-1.443272420624929,0.005558956528993331,0.6274956114931307,0.08041298154046014,0.6326270544668198,0.4489290156727135,0.821277237073148,0.821277237073148,1.298201256608166,-0.9992399541061392,-0.0656465305523244
N15_M01_F10_K001_5.mat,N15_M01_F10,K001,5,-0.015860149885020696,0.3985349005008859,0.3988503620051339,-4.995727535760999,5.059814449781146,5.059814449781146,12.685996884505817,11.598396964595521,0.06585395300039623,0.02230451395416688,0.9059968985897613,0.9062714116626419,-1.8135623156960115,1.8300930774038369,1.8300930774038369,2.019365340065572,-1.4831623235904392,0.0029876075686367243,0.08121268367201781,0.9119678146882124,0.9155767553932357,-1.9960894762199168,1.9382318102425278,1.9960894762199168,2.180144334663243,-1.4805541247041343,0.007398882589917057,1050.3324357552574,72.54923896150214,1052.835038205637,805.1924799123148,1320.3291983218792,1320.3291983218792,1.2540703437949183,-1.1930739770804952,0.07030761000601174,1499.599608661255,0.2743582139295119,1499.5996337587637,1499.054417439352,1500.2993156283708,1500.2993156283708,1.0004665791147556,-0.18398124111634662,0.009524040776836861,0.6263170925572324,0.0799381320223804,0.6313978186378001,0.4477853542689379,0.7955369816423564,0.7955369816423564,1.259961561727717,-1.2331291881460826,-0.17536895214867626
N15_M01_F10_K001_6.mat,N15_M01_F10,K001,6,-0.015210343921120677,0.39503429668532614,0.3953270166834908,-4.4708251923578874,4.299926754970828,4.4708251923578874,11.309182028248141,11.879910116390727,0.029613093565737363,0.017168647555687727,0.9047916116562407,0.9049544866911201,-1.8046081531042726,1.809429625269055,1.809429625269055,1.9994703069378241,-1.483661430452342,-0.012771136929169417,0.08961731875527021,0.9117504555650701,0.9161441791792364,-1.6303463734342798,1.7377963245351449,1.7377963245351449,1.8968589923171457,-1.4814234005453115,0.03775614009395013,1051.4730340875783,72.38772647688386,1053.961823007755,793.5958002324787,1314.530858481961,1314.530858481961,1.2472281536067449,-1.1736189924545068,0.07669739637010378,1499.6144145396313,0.37830696197727354,1499.6144622572829,1499.0055590339068,1500.306852386997,1500.306852386997,1.0004617120914345,-1.2338356734274563,-0.025847015102209183,0.6256315705218235,0.08381374791158884,0.6312207271411409,0.42454105378641777,0.8111374528146411,0.8111374528146411,1.2850298127698694,-0.9960715215463845,-0.25161211317707916
N15_M01_F10_K001_7.mat,N15_M01_F10,K001,7,-0.01509100263289986,0.39871973165320823,0.3990052164697506,-4.849243160857805,4.626464840692531,4.849243160857805,12.153332740263648,11.72939336833518,0.02528074948201267,0.020087705495918387,0.9045154437093642,0.9047384726100901,-1.7873886096586213,1.786011046182969,1.7873886096586213,1.9755859441924295,-1.4857080702866712,-0.005533195396294002,0.08386796456689756,0.909990403288625,0.9138470164956434,-1.6496322620934094,1.7226431263029718,1.7226431263029718,1.885045412643402,-1.4835403912075822,0.01179199227097794,1052.1285690706893,72.4210611400756,1054.6180995750979,770.097265091758,1307.816991298898,1307.816991298898,1.2400858584029737,-1.1924574979853237,0.06258719949139502,1499.686836803823,0.3226642519748892,1499.6868715151425,1498.8852323747653,1500.0724895598723,1500.0724895598723,1.000257132373467,0.3121630852252739,-1.047873554253003,0.6251024516239588,0.08846403291383524,0.6313311018361633,0.4002144883159812,0.7902842119117175,0.7902842119117175,1.2517745595191732,-0.7848823026136356,-0.519877666285509
N15_M01_F10_K001_8.mat,N15_M01_F10,K001,8,-0.014919449214551244,0.39668663219112205,0.39696709451036377,-4.724121090627994,5.1849365200109565,5.1849365200109565,13.061376098203503,12.057917208817418,0.1655969250477913,0.021227244690414343,0.9035140363404709,0.903763359393042,-1.8073632800555768,1.7901437366099255,1.8073632800555768,1.99981915760491,-1.4850048305234922,-0.0036226684537199933,0.08201800090544918,0.9093805199529806,0.9130716743730908,-1.8734863268868782,1.6985357654790596,1.8734863268868782,2.051850231991045,-1.4822993351601752,0.010353398344145698,1052.841357925456,72.82273828025889,1055.3568477860713,764.9092768139366,1306.5962881747048,1306.5962881747048,1.2380611268270858,-1.1750485635233028,0.07355489621772711,1499.5902243242558,0.21387620941682586,1499.5902395761,1499.1718561873593,1500.0186067886411,1500.0186067886411,1.0002856561754245,-0.5131230710014836,0.02222473344220592,0.6245819198438388,0.0863542991801499,0.6305233061376163,0.4088813615457045,0.7866478323204065,0.7866478323204065,1.2476110314449103,-0.8636253410794916,-0.5343712740813091
N15_M01_F10_K001_9.mat,N15_M01_F10,K001,9,-0.014397922531253802,0.3939458098871333,0.39420882955718445,-4.190063473793434,4.79736327807959,4.79736327807959,12.169598746604631,11.72173939556048,0.060312876991570286,0.017757122039339993,0.9011534203341885,0.9013283543543534,-1.7832559192316648,1.8004754626773163,1.8004754626773163,1.99757996514716,-1.4836943921286356,-0.01190000235361185,0.09096493938882094,0.9084096098065294,0.9129527038060968,-1.6034838856590634,1.7887661731342732,1.7887661731342732,1.959319651146125,-1.4805065575951304,0.03803626040163292,1052.6491091989408,72.37558858566275,1055.1342914152892,774.6749018074828,1309.0376944230914,1309.0376944230914,1.240636102033261,-1.18574686188549,0.07111406303322551,1499.6058717202588,0.18350729390763984,1499.6058829481847,1499.2549090338616,1499.9238177407021,1499.9238177407021,1.000212012233436,-0.9933782315082249,-0.10569106475544225,0.6229334988353114,0.08499020346069742,0.6287046036538095,0.4056372274196902,0.8058692933482022,0.8058692933482022,1.2817932120502602,-1.0019421396646386,-0.30292891765523083
N15_M01_F10_KA04_1.mat,N15_M01_F10,KA04,1,0.042415959544021574,0.5292576775280935,0.5309546146766893,-3.8635253880717313,3.906249997418496,3.906249997418496,7.3570318242682635,3.7028937752387385,-0.483475049625115,0.025897169031606188,0.769475540821563,0.7699112100018342,-1.7619036853590568,1.6709844959660172,1.7619036853590568,2.2884504894465163,-1.4771573508655713,-0.005684640178984166,0.14815864412236004,0.7821985013603929,0.7961064497657464,-1.9134356676807898,1.7928988635612297,1.9134356676807898,2.4034922317785723,-1.4666764145523268,0.03076698484689208,1109.871370477312,54.48318633827519,1111.2078458140752,760.3316400982118,1408.5249990448435,1408.5249990448435,1.267562143617653,2.3664425813902117,-0.8997323311067694,1499.6932439979673,0.9382993535774421,1499.6935375265255,1497.9202018682129,1501.0551154135396,1501.0551154135396,1.0009079040836968,-0.9465637804792442,-0.29540478403399806,0.5238412990234527,0.11001286179767905,0.5352686580806816,0.3302544937686167,0.775956318104379,0.775956318104379,1.4496576744970155,-1.3363436042020407,0.32729233998978347
N15_M01_F10_KA04_10.mat,N15_M01_F10,KA04,10,0.04244273898180826,0.5444927698040374,0.5461444520098601,-3.613281247612109,4.336547848696627,4.336547848696627,7.9402946102221605,4.0641316497348265,-0.39473130204979734,0.023499174621072618,0.7390362316546194,0.739409739526152,-1.6516986073068876,1.6027951039212376,1.6516986073068876,2.233806939526348,-1.4730774281642218,-0.004002052159282378,0.14712502761654583,0.7489990730575168,0.7633121151876138,-1.6503210438312357,1.7901437366099255,1.7901437366099255,2.345231656869389,-1.4657275346886007,0.019504250732707715,1110.7961288108968,56.51356080720533,1112.2328094137413,749.040136199424,1408.5249990448435,1408.5249990448435,1.2663940383014578,2.5919149779982398,-0.9782456694008527,1499.6592654069611,0.37094027362108234,1499.6593112829437,1498.7538612951346,1500.3313835174924,1500.3313835174924,1.0004481499427853,-0.1520981725070798,-0.29266898921643714,0.4988225912078524,0.10637328204966788,0.5100384815220655,0.2705206843925009,0.7246068878837483,0.7246068878837483,1.4206906226396174,-1.488806542272935,0.1199404362513649
N15_M01_F10_KA04_11.mat,N15_M01_F10,KA04,11,0.04249804105622671,0.5573275926337143,0.5589455510195139,-3.8391113255878655,4.34875487993856,4.34875487993856,7.780283557148728,4.156778439270558,-0.3632171259542298,0.017335158775498304,0.7349319766448423,0.7351363941642849,-1.6950918567899294,1.6000399769699334,1.6950918567899294,2.3058195326010726,-1.4744553412916026,-0.03454545022034013,0.15490463197544402,0.7485509008913324,0.7644108164021968,-1.9671606432312223,2.6752282697164103,2.6752282697164103,3.4997258179937,-1.4661448876287324,0.036815590035776724,1110.3650186706043,55.73420882683356,1111.7629138988784,760.9419916603085,1390.2144521819444,1390.2144521819444,1.2504594592983453,2.381195015606968,-0.9815479057589909,1499.6615731811194,0.670608950438448,1499.661723120396,1498.7455083789919,1501.0954789201785,1501.0954789201785,1.0009560528068953,-0.5960559207989728,0.6299640788075427,0.4969997893394221,0.10776124459399143,0.508548204637354,0.2921172947364379,0.7645134832079231,0.7645134832079231,1.5033254984217241,-1.3557886739762985,0.30259537045994694
N15_M01_F10_KA04_12.mat,N15_M01_F10,KA04,12,0.041404518222504634,0.5659717883601595,0.5674842723361017,-3.8665771458822142,4.690551754712678,4.690551754712678,8.265518505743934,4.092137821703264,-0.3778605502155269,0.017277914095337153,0.7380575975314462,0.7382598076486191,-1.6234585560560193,1.549070128370805,1.6234585560560193,2.199034187201368,-1.4793185409430591,-0.026648143826069254,0.15330633438017813,0.7529195882333505,0.7683688817921799,-1.8404248034712276,2.7014019757538006,2.7014019757538006,3.5157618167109046,-1.4636050100862394,0.03156369990894638,1109.603519176203,55.20181123693335,1110.9757916948743,774.6749018074828,1375.566014691625,1375.566014691625,1.2381602056270724,2.1448481671617623,-1.0432414910033323,1499.6624414695748,0.5173886866189384,1499.6625307200081,1498.5269560025877,1500.3470613537743,1500.3470613537743,1.000456456449197,-0.32834094157565197,-0.8410927263920894,0.499616870121932,0.10693590867799693,0.5109327798010463,0.29813789127304097,0.7490273780155942,0.7490273780155942,1.4659998489571566,-1.3189720042827016,0.31985915263829073
N15_M01_F10_KA04_13.mat,N15_M01_F10,KA04,13,0.04252370817404332,0.5597336995361196,0.5613466666448303,-3.9215087864709117,4.33959960650711,4.33959960650711,7.730694532212869,4.171466380146346,-0.40292695533056655,0.023794532013045613,0.7326551595552285,0.7330414466976729,-1.5394271840412401,1.63379028212341,1.63379028212341,2.228782955566265,-1.4738285423769297,-0.002120109676743119,0.15092352178556875,0.7455418021667243,0.7606645043684938,-1.9706045519203526,1.8714199816734003,1.9706045519203526,2.5906356095271663,-1.4638885305715834,0.031946396136380145,1108.9071885329508,56.06594794436984,1110.3236209767645,803.0562494449766,1416.7647451331482,1416.7647451331482,1.2759926190589406,2.3482667390996177,-0.9920456434131432,1499.5983824166694,0.6256848079393744,1499.5985129454384,1498.7556007783332,1501.0334261109863,1501.0334261109863,1.0009568648896094,-0.10078946137272915,0.9439388483948209,0.4953400700723424,0.11173895371321792,0.5077867453923918,0.25721109079981763,0.7558896129598267,0.7558896129598267,1.4885965807865142,-1.299786976717048,0.3407528990065165
N15_M01_F10_KA04_14.mat,N15_M01_F10,KA04,14,0.04172354132791668,0.5587197954883399,0.560275524872785,-4.135131833204736,4.156494137878118,4.156494137878118,7.418660914773822,4.0577163468957,-0.3860696325014837,0.020982459074313564,0.7351035636015995,0.7354029594777111,-1.5903970326403685,1.6007287587077592,1.6007287587077592,2.176668910667166,-1.472155856247529,-0.004898767897034863,0.1512905518129444,0.7450998802074371,0.760304322329554,-1.7701690662129697,2.5491812116942416,2.5491812116942416,3.3528432455620036,-1.4640491175588635,0.020413436574354397,1108.1295359837438,55.565146597676986,1109.5217681667941,737.1382807385395,1374.9556631295284,1374.9556631295284,1.2392327059984565,2.3389249660692037,-1.054559882173273,1499.661613576593,0.4375839186654821,1499.6616774175557,1498.8261104550502,1500.3033959256966,1500.3033959256966,1.0004279088529127,-1.183748454732578,-0.2792601102299913,0.4957245077743906,0.10744219419182353,0.507234277923836,0.2797334986827127,0.7072422001297924,0.7072422001297924,1.3943107374852706,-1.502788137212865,0.1325671005287449
N15_M01_F10_KA04_15.mat,N15_M01_F10,KA04,15,0.04252864196129938,0.5646842154576681,0.5662834524989357,-3.857421872450765,4.391479489285325,4.391479489285325,7.754914027429713,4.104412201007825,-0.3753568523105097,0.022587177036781904,0.7338393812592467,0.7341869094811246,-1.5277178944981973,1.6379229725503666,1.6379229725503666,2.2309345909040297,-1.478529128947172,-0.017096698769333004,0.15374116847122754,0.749029773518241,0.7646449820012462,-2.061523741313392,1.9823138414633956,2.061523741313392,2.6960534494294666,-1.4624752548944508,0.039877280386903684,1107.6832633694855,55.770282341861595,1109.0863520670355,779.8628900853043,1393.2662099924278,1393.2662099924278,1.2562287935432244,2.219128037259992,-0.9847234812421825,1499.615594918607,0.15509931218012488,1499.6156029392614,1499.3038580118948,1499.8607010493479,1499.8607010493479,1.0001634406241213,-0.9834991396591777,-0.4436151372123506,0.49632426942176544,0.11457179849475044,0.5093765575950377,0.2700758250981621,0.7463934553102716,0.7463934553102716,1.4653078242043207,-1.2872843123691489,0.3075707621024867
N15_M01_F10_KA04_16.mat,N15_M01_F10,KA04,16,0.042860741196494995,0.5614075534889101,0.5630412811244984,-3.717041013168538,4.33959960650711,4.33959960650711,7.707427060836678,4.204533953804155,-0.34720243218418206,0.02313257219225147,0.732491829462002,0.7328570093304835,-1.5504476918464571,1.608994139561672,1.608994139561672,2.1955089725233052,-1.478738528178989,-0.014230262106298762,0.15306439749087802,0.7475583215215142,0.7630675945519566,-1.7949652087747079,1.903792723351225,1.903792723351225,2.494920157720834,-1.460507329685203,0.03765013379448031,1104.488940159131,55.48641562205617,1105.881802568622,732.2554682417664,1372.8194326621904,1372.8194326621904,1.2413798920224155,2.195171159553384,-1.0096444383495051,1499.4850551125367,0.6159245654097166,1499.4851816103142,1498.0759923045903,1500.4057199123174,1500.4057199123174,1.0006139029003371,-0.022400674655486785,-0.7025548957145816,0.49520947321936104,0.11496610976964848,0.5083794141797678,0.26292467163639843,0.7498663034149241,0.7498663034149241,1.475013115204079,-1.2736358755997295,0.3450205446880191
N15_M01_F10_KA04_17.mat,N15_M01_F10,KA04,17,0.04234702436834987,0.5553604412707538,0.5569726117156031,-4.028320309837824,4.449462887684506,4.449462887684506,7.988656522946689,4.153837841822761,-0.3654635176513178,0.02075096273452156,0.733977908014123,0.7342711841732574,-1.6062390126103676,1.5766213978838473,1.6062390126103676,2.1875283236382077,-1.4717658737036377,-0.025174245177349706,0.15289674947417622,0.745820335583667,0.7613313266705257,-1.7928988635612297,1.7501943958160142,1.7928988635612297,2.3549521748986506,-1.4597640844806428,0.053888738946029364,1105.4652318319067,55.59780075756709,1106.8624549772433,770.4024408728064,1466.8135732250728,1466.8135732250728,1.3251995011929734,2.4254361139644125,-0.9785577182533903,1499.7357246192141,0.5704859741614954,1499.7358331230755,1498.9943927137192,1500.667241280229,1500.667241280229,1.0006210481450015,-1.5014747013319218,0.23431524710464854,0.49457522244099883,0.10813014171916008,0.5062576203878506,0.2810280440781102,0.7099858353063765,0.7099858353063765,1.4024200460675476,-1.413936828995524,0.043593166942920376
N15_M01_F10_KA04_18.mat,N15_M01_F10,KA04,18,0.04252672263191837,0.5613403618264664,0.5629489532393506,-3.912353513039463,4.306030270591795,4.306030270591795,7.649059911762529,4.165219543944992,-0.33537089292527755,0.023829068559215096,0.7366892986433381,0.7370745873003717,-1.6069277943481939,1.584197996999934,1.6069277943481939,2.1801427183017785,-1.4721883689982358,-0.001044261092415731,0.1482361698072775,0.7479063677791902,0.7624551770457024,-1.8845068346920952,1.9788699327742654,1.9788699327742654,2.595391824135584,-1.4664444940688617,0.024033136915222013,1104.1212835419656,55.91049846758802,1105.535975266862,783.2198236768359,1409.1353506069404,1409.1353506069404,1.2746173640046345,2.3567001983817226,-0.9918722594163152,1499.6592979258332,0.48105943994955536,1499.6593750827512,1498.3982355147352,1500.3285538933958,1500.3285538933958,1.0004462205363185,0.6125935930411446,-0.9926201880561705,0.4969875824206991,0.10722170587768963,0.5084222175433455,0.2943399446756381,0.7310254628138972,0.7310254628138972,1.4378314668193541,-1.4757187234772353,0.19376734189752842
N15_M01_F10_KA04_19.mat,N15_M01_F10,KA04,19,0.04185667407187629,0.5499880103309358,0.5515784555909893,-3.7353515600314364,4.412841793958707,4.412841793958707,8.000388247997401,3.9128055800482047,-0.3469569600499873,0.017771472009838408,0.7296721858672969,0.7298885696089202,-1.6386117542881924,1.5449374379438485,1.6386117542881924,2.245016325116823,-1.4726231222621609,-0.037676930886275994,0.1535873780978877,0.7426394864441624,0.7583551209934781,-1.5711111439812386,2.1669073472007794,2.1669073472007794,2.8573781427915153,-1.4696747113286666,0.03886739858433014,1102.4631862758504,55.63188660895169,1103.8659265966912,658.0977534470247,1408.5249990448435,1408.5249990448435,1.2759928222328967,2.639560837895095,-1.0314402588204112,1499.6186664898614,0.5424632707110247,1499.618764603601,1498.7806812915424,1500.5319924789121,1500.5319924789121,1.0006089733583405,-1.1412948424037763,0.172838898195223,0.49253113822204914,0.1079447701792333,0.5042211771904813,0.2829403215149843,0.7392985003815685,0.7392985003815685,1.466218663208351,-1.3553164134838873,0.3096465671825856
N15_M01_F10_KA04_2.mat,N15_M01_F10,KA04,2,0.042565847655371705,0.531321604377789,0.5330239194118854,-3.8635253880717313,3.759765622515302,3.8635253880717313,7.248315220702612,3.6286997683657933,-0.4494467687517054,0.019007138715122433,0.7505069453988462,0.7507475916804812,-1.6468771351421052,1.5731774891947172,1.6468771351421052,2.193649574626964,-1.4804808036931452,-0.022288289792819927,0.14687534294882776,0.7645645358528976,0.778544344177191,-1.8176950061229675,2.1118048081746945,2.1118048081746945,2.7125042060469498,-1.462919599603438,0.027095647371149174,1116.113846834527,55.703782034523215,1117.5030337447483,685.5635737413734,1417.0699209141965,1417.0699209141965,1.2680680750956002,2.388592950776487,-0.9990063600642601,1499.4996648555198,0.2580155181288118,1499.499687053593,1499.0116640746537,1499.836504772138,1499.836504772138,1.0002246200659146,-0.979861385372653,-0.5462949943519203,0.5092343773018098,0.10507973064111586,0.5199628840769036,0.2766558869144053,0.7509247357612565,0.7509247357612565,1.4441891118716719,-1.2407320371586552,0.27768376712351545
N15_M01_F10_KA04_20.mat,N15_M01_F10,KA04,20,0.04358183999880071,0.5501121461529314,0.5518357999646861,-3.96728515362816,4.150390622257151,4.150390622257151,7.521060834622816,3.880137624358974,-0.37867279079842303,0.021151710381924416,0.7302056278125998,0.7305119121145622,-1.617948302153411,1.5511364735842832,1.617948302153411,2.214814399768031,-1.4738531862236466,-0.0168899774031528,0.14769307499224468,0.7423919638661421,0.756940600320588,-1.6985357654790596,1.8989712511864427,1.8989712511864427,2.508745402720067,-1.46001146277457,0.019082912124041104,1101.2899823812627,55.670061898800405,1102.6961417748494,766.7403315002266,1385.3316396851712,1385.3316396851712,1.2563131285246039,2.4125454360592284,-1.0110268587092783,1499.7430213675973,0.4560574928497904,1499.743090708954,1498.896028742941,1500.3482333008387,1500.3482333008387,1.0004034975027614,-1.0513887266608741,-0.4337962858117866,0.49176321758317276,0.10535598821439918,0.5029224059637704,0.2818346356195546,0.7267182812541803,0.7267182812541803,1.444990862678987,-1.3259470499872617,0.12040049476919859
N15_M01_F10_KA04_3.mat,N15_M01_F10,KA04,3,0.0416781942913384,0.5281522983689559,0.529794226234863,-4.125976559773287,3.836059567777382,4.125976559773287,7.78788509851408,3.629028957903145,-0.4480426565551415,0.02244082494195006,0.7601835512670175,0.7605147087604615,-1.633101500385584,1.629657591696454,1.633101500385584,2.1473634652606837,-1.4768018748357186,-0.019615456905602336,0.15039247810429784,0.7742703478775087,0.788741065922594,-2.0904525743020868,1.9816250597255696,2.0904525743020868,2.650366089227109,-1.4637035069905424,0.04252075520926659,1113.4409601502564,54.624663439945394,1114.7800794758812,825.6392572425523,1407.6094717016986,1407.6094717016986,1.262679067931939,2.1443861983245025,-0.9024486251962603,1499.564380068942,0.7544124089203255,1499.5645698367355,1498.0637760742845,1500.6681472496778,1500.6681472496778,1.000735931906595,-0.8401708440993856,-0.44553715976880587,0.5167445349485007,0.11083132609305293,0.5284964496027262,0.30072822086193723,0.7650968957927232,0.7650968957927232,1.4476859709613015,-1.3476116101131874,0.1961275625753517
N15_M01_F10_KA04_4.mat,N15_M01_F10,KA04,4,0.043410281527822406,0.5360561734452178,0.5378110017757673,-3.5430908179709952,3.7902832006201344,3.7902832006201344,7.04761187128046,3.7828516621940125,-0.45175453537345694,0.024097435898740988,0.7520701335463245,0.7524560931969918,-1.6289688099586277,1.6103717030373241,1.6289688099586277,2.1648689201752087,-1.4746387615327108,-0.0051811230450385945,0.14520883670239107,0.7618272720824774,0.7755426479214994,-2.1427999863768674,1.8865731799055736,2.1427999863768674,2.762968602848211,-1.4645747180040352,0.017678803722483077,1115.8787372529919,55.7054161355846,1117.2682979661465,722.4898432482202,1380.4488271883981,1380.4488271883981,1.2355571438850814,2.4498387271619535,-1.0418345432053522,1499.5802039798368,0.35281843315230227,1499.580245485068,1498.9963496697355,1500.3164579712404,1500.3164579712404,1.000490945708567,-0.6616233444845294,0.41913659245393875,0.5089880916490314,0.10505973751016881,0.5197176405378484,0.3032072165748604,0.7477008521331637,0.7477008521331637,1.438667449039018,-1.483058997563986,0.09264972451790332
N15_M01_F10_KA04_5.mat,N15_M01_F10,KA04,5,0.04195629655641065,0.5419277512445925,0.5435494626892298,-3.6804199194427394,4.1076660129103875,4.1076660129103875,7.557115395878726,3.865772937622266,-0.4217025423560911,0.01908299479992805,0.7392931454688664,0.7395393942365641,-1.5917745961160208,1.5704223622434128,1.5917745961160208,2.1523864834262545,-1.4787986443125143,-0.01848358598547604,0.1456129407451051,0.7527606220826351,0.7667148639948708,-1.974737242347309,2.2178771957999075,2.2178771957999075,2.8927014460681497,-1.461944950410773,0.02303781013511355,1113.5759729215856,55.79488523206545,1114.9728771079212,713.9449213788671,1408.5249990448435,1408.5249990448435,1.2632818501364393,2.411319401520875,-1.0386098082453985,1499.6327850523187,0.39943797359840605,1499.6328382489057,1498.8142417203,1500.3228543174562,1500.3228543174562,1.0004601233388275,-0.628530144484857,-0.340258870059994,0.49992410428436096,0.1034377182803661,0.5105129495003716,0.24290364198208655,0.7484731923624741,0.7484731923624741,1.4661198958713764,-1.2208574447659386,0.2132412344459821
N15_M01_F10_KA04_6.mat,N15_M01_F10,KA04,6,0.04415483471813407,0.5370455899761559,0.5388576947041057,-3.631591794475008,3.7414550756524028,3.7414550756524028,6.94330824710017,3.5323173465923725,-0.45431883295545594,0.01798742477062731,0.7424265170572398,0.7426443837259007,-1.6737396229173216,1.5511364735842832,1.6737396229173216,2.2537565214188366,-1.4758873119137554,-0.03205883707127789,0.14935403832340483,0.7562717414324643,0.770878444148493,-1.6689181507525392,2.0188192735681767,2.0188192735681767,2.6188555263056426,-1.4666823101283828,0.03435588740227773,1114.6055525846273,55.48205926637402,1115.985571928652,818.6202142784409,1417.680272476293,1417.680272476293,1.2703392482272426,2.180863752001054,-0.9686387422170183,1499.5897171231406,0.5466746589121912,1499.58981676812,1498.6691778305121,1500.7174554719488,1500.7174554719488,1.0007519647647776,-1.1774538941828987,-0.014239129177664336,0.5033076313214144,0.10587396551554547,0.5143227277890409,0.2917831936229748,0.7539508378183513,0.7539508378183513,1.4659100154088434,-1.3481341310375443,0.33385173188521483
N15_M01_F10_KA04_7.mat,N15_M01_F10,KA04,7,0.04277148170700456,0.5542824442359451,0.5559302363027093,-4.028320309837824,3.955078122386227,4.028320309837824,7.2460896112230255,3.8924556118689377,-0.4325808760322282,0.01826043243972857,0.7373028492633396,0.7375289383642684,-1.594529723067325,1.5690447987677607,1.594529723067325,2.161989367635878,-1.4773792377485404,-0.018955643344505585,0.14499023469163877,0.7509004793496871,0.7647703564100313,-2.166218565462953,2.2984646591255564,2.2984646591255564,3.005431159642432,-1.4603895267187352,0.020999629945425622,1112.5651794684268,55.8525255418982,1113.9662396926672,722.1846674671717,1429.2769521561293,1429.2769521561293,1.2830523055621985,2.4359762904711513,-1.047484218882969,1499.6291528385023,0.5596334484773778,1499.629257260847,1498.5813738422985,1500.547291050411,1500.547291050411,1.0006121738323783,-1.0046707080629722,-0.11665106235270861,0.4982866451043677,0.10269526174943933,0.5087591743400328,0.25690517029115423,0.7276984415425457,0.7276984415425457,1.4303396936016397,-1.2220132854955292,0.2113077366375494
N15_M01_F10_KA04_8.mat,N15_M01_F10,KA04,8,0.04344351007964866,0.5514863230417758,0.5531948147535174,-4.049682614511206,4.278564450297447,4.278564450297447,7.734281551796202,3.916644881973072,-0.43133902256767676,0.021598448167123068,0.7416389166568353,0.7419533514063754,-1.5959072865429769,1.597973631756455,1.597973631756455,2.1537386801036615,-1.4735769865427015,-0.008492949812761144,0.145216709835983,0.7517195655537788,0.7656175272627647,-1.9712933336581788,1.9327215563399194,1.9712933336581788,2.5747756072225063,-1.462601158496769,0.016505015578432918,1112.2808878496335,55.86053146602434,1113.6827072605715,770.7076166538546,1397.8438467081523,1397.8438467081523,1.2551544866370048,2.3490383979696485,-0.969453945254369,1499.5402076129826,0.5684034632530157,1499.5403153401658,1498.6617771253484,1500.626247363882,1500.626247363882,1.0007241766110635,-1.013813100537905,0.14707189018885386,0.500651149129083,0.10440686935270126,0.5114219075208877,0.2757777037803824,0.7353548990803649,0.7353548990803649,1.4378635100811188,-1.468528796448295,0.08612685591373938
N15_M01_F10_KA04_9.mat,N15_M01_F10,KA04,9,0.04122959551989261,0.5605025393233652,0.5620168824285214,-4.046630856700723,4.113769528531354,4.113769528531354,7.319654724170235,3.9550337563983646,-0.3807258302578157,0.019631290844381918,0.7396035812093118,0.7398640719198735,-1.6234585560560193,1.537360838827762,1.6234585560560193,2.1942659708334076,-1.477713670871323,-0.019086141491258236,0.14818901161020803,0.7534231171568984,0.7678583050462031,-1.8018530261529684,2.1111160264368687,2.1111160264368687,2.749356245238293,-1.4615691787565035,0.02376951400427524,1111.7644697117526,55.51478889133847,1113.1496430844795,793.900976013527,1379.2281240642048,1379.2281240642048,1.2390320857871686,2.162532319126157,-0.9980102498306408,1499.504831303905,0.41595953512490363,1499.5048889970606,1498.8325921002765,1500.331680198023,1500.331680198023,1.0005513761289004,-0.7831254698382359,0.37002996844506797,0.5000140818526001,0.1047511857814637,0.5108687629651293,0.27776177589513834,0.7478766693061732,0.7478766693061732,1.4639310984007483,-1.236361778635351,0.21400848378512366
N15_M07_F04_K001_1.mat,N15_M07_F04,K001,1,-0.0162732337494396,0.3999337506505709,0.40026469123081154,-4.241943356571648,4.0740966769950715,4.241943356571648,10.597845499506082,11.69484197526155,0.0009267580415149119,0.024425412685987358,1.7588883819243883,1.7590579697251236,-2.921812131858139,3.0547470072585683,3.0547470072585683,1.7365812041634496,-1.499707681164958,0.0024364262364340466,0.10156460833204001,1.7534976574864034,1.7564365643187756,-2.7943875103603184,2.884617918015532,2.884617918015532,1.6423126098688998,-1.4939606163048234,0.015753203085583412,403.5589709744582,62.07822574610194,408.30570552681183,146.62314441004034,651.0787104829132,651.0787104829132,1.594586364260735,-1.0469010447278766,0.09536455062470203,1499.5617216137132,0.38429216361595986,1499.5617708549225,1499.0141094190958,1500.204212070475,1500.204212070475,1.0004284193075863,-1.3642795631219298,0.1291881984671565,1.257224404486712,0.12023329322347141,1.2629605092940668,0.9887442529973162,1.5052633875590575,1.5052633875590575,1.1918530915906675,-0.7671171758373942,-0.03098235494817955
N15_M07_F04_K001_10.mat,N15_M07_F04,K001,10,-0.01491604251988703,0.4023446593384863,0.40262105412243127,-5.2917480433778685,4.669189450039296,5.2917480433778685,13.143247202787174,12.264789267479841,0.1294976730391392,0.03632609266142874,1.7530757394428669,1.7534520618571818,-2.975537107408572,3.0788543680824803,3.0788543680824803,1.7558816890730897,-1.4938761097976885,0.011690407169486505,0.09663540276499259,1.7555039937828232,1.7581617312565403,-2.9190570049068345,2.9631390361277026,2.9631390361277026,1.6853620366369693,-1.4951337267288287,0.00774623186808074,402.24118987229247,62.59564456566618,407.08253407444164,193.6202146914816,658.4029292280729,658.4029292280729,1.6173696342070851,-1.0062891838356247,0.08336275734120034,1499.630155736046,0.35329674708472797,1499.6301973525037,1499.0421438254566,1500.3282206211366,1500.3282206211366,1.0004654635988692,-0.8626259961873917,0.09010730127613523,1.254891080935347,0.10121891527733103,1.25896659757954,1.0498989696208305,1.494133375073712,1.494133375073712,1.1867935002773689,-1.0466243293137145,0.14418586584184698
N15_M07_F04_K001_11.mat,N15_M07_F04,K001,11,-0.016100490505102292,0.4008238534043281,0.40114708929817655,-4.73937987968041,5.007934567002931,5.007934567002931,12.484035658253237,10.943956806154022,0.008058418072387498,0.02435821309998886,1.755642984442269,1.7558119521653741,-3.0575021342098725,2.953496091798138,3.0575021342098725,1.7413608162532297,-1.4951413943869492,-0.009962560009736474,0.09400717093029325,1.7517851757529348,1.754305745921747,-2.838469541581186,2.921812131858139,2.921812131858139,1.665509070269254,-1.4961587630829492,0.005877549129211835,401.87378119495264,62.33703749300247,406.67977851785633,134.72128894915585,636.4302729925939,636.4302729925939,1.5649420173092028,-1.035085028693566,0.0824953207006671,1499.5526106362136,0.21379606517225835,1499.5526258770117,1499.1285555866446,1499.8268032379647,1499.8268032379647,1.0001828394390577,-1.1008950367112582,-0.5420148529173449,1.2550039680272371,0.09988172728414682,1.2589723266257187,1.0207897911063084,1.486318863964388,1.486318863964388,1.1805810441822822,-0.733006222646174,0.19371751586375838
N15_M07_F04_K001_12.mat,N15_M07_F04,K001,12,-0.017215645301885723,0.38907254412884607,0.38945323600922005,-4.632568356313498,4.72106933281751,4.72106933281751,12.122300949903373,12.663962083729933,0.06454006233083016,0.030883194668148952,1.751311088688029,1.7515833697185417,-2.9934454325920488,2.9900015239029187,2.9934454325920488,1.7089939790151463,-1.4990567615716008,0.005642635971964226,0.09008458502776558,1.7508062479046818,1.7531222861402722,-3.0444152811911778,3.0161752299403095,3.0444152811911778,1.7365675545052,-1.4922929074153295,0.0014737986278557577,401.150388144557,61.781643278922544,405.88003813291033,129.2281248902861,640.397558146222,640.397558146222,1.577800083719604,-1.022900121218347,0.08748448215681194,1499.5920743910092,0.2546552146798918,1499.5920960133153,1499.1909619955431,1500.023132199848,1500.023132199848,1.0002874356217792,-1.3123389683045035,0.017443896731927453,1.2543059148656281,0.10666142880895212,1.2588327881265515,0.9799857886743412,1.4404110695923575,1.4404110695923575,1.144243368284074,-0.6953548104018079,-0.5036153655733374
N15_M07_F04_K001_13.mat,N15_M07_F04,K001,13,-0.016327734575542978,0.3922625283419274,0.3926021982332381,-4.818725582752973,4.226684567519232,4.818725582752973,12.273812027639876,12.467837074191593,0.03387529636757458,0.023763506718358123,1.7528092159563038,1.7529702940417746,-2.9486746196333553,3.0540582255207425,3.0540582255207425,1.7422190415326924,-1.5012901150330022,-0.0017285361526820466,0.10824740656720207,1.749117072080613,1.7524634184120311,-2.9321438579255297,2.8901281719181404,2.9321438579255297,1.673155529022368,-1.493822619783693,0.016632148501296223,401.4686475194931,61.71604421937047,406.1846194222749,164.32333971084287,633.3785151821106,633.3785151821106,1.5593365304746851,-1.0557552932058378,0.06078117975579771,1499.6154980509052,0.3677968868392552,1499.6155431539826,1498.7345354383192,1500.354188184338,1500.354188184338,1.0004925562646556,0.4596404349334211,-0.3952677966747804,1.2543758832154457,0.12381877392380011,1.260472112015384,0.9783855481467858,1.4899520856281638,1.4899520856281638,1.1820587472148525,-0.7630027754326036,-0.10102627882397117
N15_M07_F04_K001_14.mat,N15_M07_F04,K001,14,-0.015842065906448335,0.389263158694194,0.38958539213985616,-5.175781246579507,4.528808590757069,5.175781246579507,13.285357590413625,12.586124959469014,0.10567262821005778,0.035033336395432546,1.7497301862320074,1.750080872208622,-2.9948229960677013,3.0946963480524796,3.0946963480524796,1.7683161945235921,-1.4974552303560273,0.006711174393882235,0.09399666762901546,1.7535357365930582,1.75605323183391,-3.0092874125620486,2.899771116247705,3.0092874125620486,1.7136652568438036,-1.4876110227171462,-0.0022657828718325415,400.86165268119277,61.47116252978046,405.54749217947324,158.83017565197315,651.6890620450099,651.6890620450099,1.6069364861381212,-1.031944137862613,0.05597937563537921,1499.5662859518497,0.24880650501297571,1499.5663065927104,1499.1138559840729,1500.0364544408794,1500.0364544408794,1.0003135225472206,-0.8501338417433955,-0.06412747105886181,1.2537176320259722,0.0963884951197498,1.2574174497136028,1.0380124327409774,1.4384503891278244,1.4384503891278244,1.1439720273131686,-1.1361187139175708,-0.31666952395022807
N15_M07_F04_K001_15.mat,N15_M07_F04,K001,15,-0.015196416805996009,0.4044228490431219,0.4047082553048521,-5.419921871418163,4.284667965918413,5.419921871418163,13.392170286557489,11.539382364118232,0.0896161163428153,0.02926297892443009,1.7544425922714102,1.7546866191749333,-2.942475583992921,3.074721677655524,3.074721677655524,1.752291061010815,-1.4939095251189949,0.009679422351468304,0.10525658263282445,1.7496867703259458,1.7528498915883186,-2.839158323319012,2.8935720806072704,2.8935720806072704,1.6507814471125668,-1.4953436494348342,0.01551904662068337,401.0836335761981,62.268895318422686,405.88852711903877,174.39414048543745,626.0542964369511,626.0542964369511,1.5424291513747128,-1.1114614237522442,0.07383625118060273,1499.6050489249324,0.2182336932368859,1499.6050648044284,1499.1453420630182,1500.0833575394727,1500.0833575394727,1.0003189457986439,-0.1473532131601618,-0.24026213425411622,1.2535929020364214,0.11664577622476631,1.2590081020975101,0.9979695157071122,1.5119564496920508,1.5119564496920508,1.2009108179471826,-0.7705132967409178,0.18629883141699197
N15_M07_F04_K001_16.mat,N15_M07_F04,K001,16,-0.016586715745275704,0.3902977775687357,0.39065006631806537,-4.782104489027175,4.504394528273203,4.782104489027175,12.241401963909071,13.09717424745552,0.05100899622556437,0.01895700742622465,1.7500822669213238,1.750184935691951,-2.946608274419877,3.0085986308242223,3.0085986308242223,1.719017556070294,-1.4988420122770647,-0.0056952279125825865,0.10805962010780713,1.750029729796567,1.753362751021502,-2.852245176337707,2.8928832988694446,2.8928832988694446,1.6499057580549505,-1.4915651968641144,0.020342133636783118,400.94179446182926,61.72111754503913,405.66466311139345,164.01816392979455,651.3838862639616,651.3838862639616,1.605720057714504,-1.0002874832833197,0.026206314420376898,1499.6091918030888,0.2361568968832295,1499.6092103979602,1499.134017724522,1500.003609306789,1500.003609306789,1.0002630011246225,-0.8735822117717702,-0.2325479515713053,1.2536000596995576,0.11282632086792768,1.2586671078404037,0.9972718644200637,1.476317826523222,1.476317826523222,1.1729215908853448,-0.7460596135240936,-0.2614808750870586
N15_M07_F04_K001_17.mat,N15_M07_F04,K001,17,-0.015772373173441632,0.38680010388310726,0.3871215417921158,-4.3212890596442115,4.821777340563456,4.821777340563456,12.455461192476728,12.822448933168493,0.07713712044803696,0.0347328177732124,1.7495562531476367,1.7499009833583337,-2.982424924786832,3.0643899515881334,3.0643899515881334,1.7511790556898197,-1.49754814784517,0.0051132484043956965,0.09319512840314627,1.7528831103643774,1.7553588039368968,-2.889439390180314,2.8694647197833585,2.889439390180314,1.6460676778445043,-1.4877981733755352,-0.002407433306741633,400.61499069904806,61.41339875417821,405.2949251092814,131.66953113867262,629.7164058095308,629.7164058095308,1.5537238854884197,-0.9519316790829047,0.04382551249830589,1499.5771801923584,0.1315268312753688,1499.5771859604197,1499.353407078804,1499.9106996409018,1499.9106996409018,1.0002224051443331,0.24850167658936817,0.586316983613287,1.2536022950563008,0.09898941748505799,1.2575045204469268,1.0071236454827646,1.4297336545785202,1.4297336545785202,1.1369610457307795,-1.02206959881735,-0.4681399593440662
N15_M07_F04_K001_18.mat,N15_M07_F04,K001,18,-0.017104846851867948,0.39944208761942396,0.3998081504266633,-5.072021481023079,4.81567382494249,5.072021481023079,12.686138278097555,11.855392737214341,-0.041348809203893125,0.02519134777383236,1.7526516262600025,1.7528326580237188,-2.9479858378955295,3.0802319315581324,3.0802319315581324,1.7572880773633164,-1.497894439503418,0.0030270929242059265,0.10603234223726833,1.748625720240814,1.7518375401526325,-2.8618881206672717,2.9156130962177045,2.9156130962177045,1.6643170553153437,-1.4943411582084445,0.016417425400090457,400.8198080675049,61.508395470348574,405.51177695920035,160.0508787761664,670.6099604700057,670.6099604700057,1.6537373229914298,-1.0188918574476529,0.04407107273898455,1499.60092305859,0.37126904340804245,1499.6009690177177,1498.9853070913516,1500.3134197180689,1500.3134197180689,1.0004750935182563,-1.048843080819876,0.05226513434585998,1.252989619148529,0.11653724651260056,1.2583973599458618,0.9838965056438129,1.512251882098727,1.512251882098727,1.2017284287403356,-0.7688832074158483,0.04583476020156982
N15_M07_F04_K001_19.mat,N15_M07_F04,K001,19,-0.015403659701191957,0.39712959175397383,0.3974282141203214,-4.611206051640115,4.742431637490893,4.742431637490893,11.932800614037737,12.53741368797354,0.0374629491909367,0.023761132123357207,1.7514235863642669,1.7515847596599072,-2.946608274419877,3.050614316831612,3.050614316831612,1.7416310001600654,-1.5004739970994503,-0.0025448566248905493,0.11017219830505935,1.7479700280778017,1.751438589370943,-2.8164285259707524,2.897704771034227,2.897704771034227,1.6544712378839295,-1.4931781098075048,0.017827755408280518,400.69435618511585,62.000878086838966,405.4627923276605,191.78916000519166,637.9561518978355,637.9561518978355,1.5734024526282393,-1.05380776169477,0.08879934484429275,1499.6150391529345,0.30471202767803146,1499.6150701106856,1499.1497068586123,1500.285815591033,1500.285815591033,1.0004472784341238,-1.0225297751335432,0.3077751016275805,1.2529718889260766,0.12028859564273606,1.2587326565560626,0.982648354134917,1.5031537077118198,1.5031537077118198,1.1941802732158406,-0.7703695954002776,-0.09920170346559638
N15_M07_F04_K001_2.mat,N15_M07_F04,K001,2,-0.015587055910452273,0.3883705491735559,0.3886832126260729,-4.904174801446502,4.461669918926439,4.904174801446502,12.617408321579592,12.803345848873503,0.10696810739644992,0.03541234643916894,1.7544434840105234,1.7548008356697666,-3.0079098490863965,3.0141088847268307,3.0141088847268307,1.7176358840611194,-1.497136509508449,0.005100854515058556,0.08856888376028837,1.757792895683342,1.760022815558188,-2.9397204570416164,2.911480405790748,2.9397204570416164,1.670274061821914,-1.4885464244069102,-0.0017304335197702886,403.2611952435972,62.00523675724507,408.0002953119233,109.08652334109698,656.8770503228315,656.8770503228315,1.6099916050811618,-0.9695436588950725,0.07672767223650334,1499.548810226667,0.15209766603297153,1499.5488179402205,1499.3197012497862,1499.8864444732085,1499.8864444732085,1.0002251520783776,-0.6846260652580138,0.3698399615564497,1.2565851179756324,0.09525041931850778,1.2601899861124852,1.0174207762274254,1.4406675496388688,1.4406675496388688,1.1432145672599194,-1.0696072582783602,-0.35478103989319193
N15_M07_F04_K001_20.mat,N15_M07_F04,K001,20,-0.0162901090767936,0.3886298436209131,0.38897110818999037,-4.965209957656167,4.779052731216691,4.965209957656167,12.76498396181894,13.012222814661584,0.11025400273852987,0.034146726645296735,1.7491232366640663,1.749456514457781,-3.0099761942998744,3.0575021342098725,3.0575021342098725,1.747686843852476,-1.4990192700595122,0.004639503773653985,0.09239369516628093,1.7494684349625123,1.7519065043079962,-2.982424924786832,2.8660208110942285,2.982424924786832,1.7023881796505407,-1.4898911617343094,0.0013638499180053149,400.7238136749147,61.04683745376791,405.34712433823245,159.13535143302147,658.0977534470247,658.0977534470247,1.6235411920620668,-0.9740338752597442,0.04974819674821927,1499.608925339947,0.2861269408773235,1499.6089526366052,1499.0650388876027,1500.013639340987,1500.013639340987,1.0002698614886703,-1.1519370006523413,-0.446771267904055,1.2521925121110806,0.10287715278807882,1.2564114755735245,0.9915879610571597,1.4349760515828371,1.4349760515828371,1.1421226878939494,-0.8298246310548874,-0.49039260417130764
N15_M07_F04_K001_3.mat,N15_M07_F04,K001,3,-0.016017279035688,0.398445773849075,0.39876758635312287,-4.592895504777216,4.833984371805389,4.833984371805389,12.122310180759587,11.649776086966494,0.08615498838402666,0.02478345665076958,1.757351176349291,1.7575259249125736,-3.0244406107942217,2.9397204570416164,3.0244406107942217,1.7208512078959344,-1.500554524487056,-0.0019139956341610296,0.08444302780779993,1.7513983362308838,1.7534328493266162,-2.8956384258207493,3.0099761942998744,3.0099761942998744,1.716619028470818,-1.4937598347208545,0.004972818885117949,403.0228297094717,61.86877985720316,407.74397259560914,143.87656238060544,670.6099604700057,670.6099604700057,1.6446839329127272,-1.0111973363113482,0.07341302815169289,1499.6205188538681,0.3642558192239766,1499.6205630924933,1498.856802960941,1500.3337774717966,1500.3337774717966,1.000475596558794,-0.19143654383919584,-0.16299317620624085,1.255842133958223,0.10552051801033012,1.260267449847814,0.9864971739199087,1.4653926410923812,1.4653926410923812,1.1627632224170652,-0.6417168859735662,-0.1915350350229289
N15_M07_F04_K001_4.mat,N15_M07_F04,K001,4,-0.016605530608321428,0.3978173614624534,0.3981637812857069,-4.620361325071565,5.029296871676314,5.029296871676314,12.631226415010072,12.61294967030537,0.04008126091218981,0.022046642050869363,1.7561595335956157,1.756297913756231,-2.9734707621950935,3.0451040629290036,3.0451040629290036,1.733819780276557,-1.5010120313470852,-0.0024843042757483045,0.10420031059793801,1.7519009205114249,1.7549970199454712,-2.967271726554659,2.891505735393792,2.967271726554659,1.6907559915098054,-1.4933397536006054,0.017095128947560757,402.14124325848917,61.58446200263804,406.8294796221603,185.38046860317698,633.0733394010624,633.0733394010624,1.556114714177115,-1.0723807199496607,0.09082504020441293,1499.6187266830611,0.3223773874976047,1499.618761334262,1499.0604015182612,1500.2161611080146,1500.2161611080146,1.0003983677646318,-1.004792567663048,0.018036342583561207,1.2562700046040562,0.11923298557042276,1.261915539691905,0.9850685292079121,1.488209987570642,1.488209987570642,1.1793261440729912,-0.7669503900327364,-0.1059201238826564
N15_M07_F04_K001_5.mat,N15_M07_F04,K001,5,-0.016900044217784557,0.3937817671373181,0.3941442523040925,-5.096435543506944,4.364013668990975,5.096435543506944,12.930381487778012,12.653993290029286,0.08031922600329572,0.022815181735234617,1.7544287512495578,1.7545770931277693,-2.9569400004872683,3.034772336861613,3.034772336861613,1.7296318005906048,-1.5006529253298624,-0.005180299114733112,0.10554565730151914,1.7514866119575547,1.7546638531758054,-2.830204160727273,2.9101028423150956,2.9101028423150956,1.658495920485303,-1.4932966814568855,0.01845574411699934,402.32434507542797,63.018630358888316,407.2299429225241,153.9473631552,633.683690963159,633.683690963159,1.5560832448013726,-0.9866937881478224,0.047470921820520276,1499.5921566688523,0.18948474879772464,1499.592168640264,1499.3429719541832,1500.040517690487,1500.040517690487,1.0002989806559404,0.3761490587650944,1.1683269768533908,1.255801446623848,0.12096875772349855,1.261614328425179,0.9830853566287656,1.4960091846240584,1.4960091846240584,1.1857896275571511,-0.7452806687393299,-0.16406946918717855
N15_M07_F04_K001_6.mat,N15_M07_F04,K001,6,-0.015676866286222137,0.3978509055523926,0.39815965037333323,-4.415893551769191,4.696655270333645,4.696655270333645,11.795909670730925,12.3150931017466,0.0801044350274573,0.03425703983524364,1.754158583460576,1.754493055189073,-3.0023995951837876,3.0623236063746546,3.0623236063746546,1.7454179127797365,-1.493982721094843,0.011501404759488095,0.09491113392216935,1.7564183415340904,1.758980816785606,-2.9128579692664003,2.9045925884124872,2.9128579692664003,1.655991891139217,-1.4946013976500725,0.007923677134689078,402.6533658211436,62.2379016372765,407.43501249562115,182.63388657374207,625.7491206559027,625.7491206559027,1.5358255954073852,-1.1080011335722746,0.08764805964199861,1499.5619928818035,0.24575024359895886,1499.5620130187442,1499.1394453558114,1499.9692602164298,1499.9692602164298,1.0002715774300428,-1.3645721193075482,-0.14165678868511256,1.2555961398562479,0.0996827450089921,1.259546869344066,1.0419604562502411,1.5047538521930266,1.5047538521930266,1.1946787283720988,-1.044711363539907,0.10830380349872432
N15_M07_F04_K001_7.mat,N15_M07_F04,K001,7,-0.01810690589003959,0.40491960416332823,0.4053242478272145,-4.492187497031271,4.632568356313498,4.632568356313498,11.429289960190868,11.567165816721445,-0.050030394536112334,0.03228961664564564,1.7550851945493808,1.7553821975483173,-2.952118528322486,3.076099241131176,3.076099241131176,1.7523814730646463,-1.4920256531251885,0.01541795778951794,0.09958521511699009,1.7540557210505026,1.756880385120141,-2.8694647197833585,2.933521421401182,2.933521421401182,1.6697331510139084,-1.4972152170636854,0.011866325310203053,402.49503819745786,62.2952589384736,407.2873126673412,182.63388657374207,623.6128901885645,623.6128901885645,1.5311375306647739,-1.1135622989342104,0.06832955263706471,1499.6306961483997,0.11319793595256429,1499.6307004207092,1499.472157900952,1499.9664288419485,1499.9664288419485,1.000223874065225,1.3976324583023256,1.3315101480073586,1.2549621868476817,0.10864295389261334,1.2596560569647683,1.029000708857481,1.5076325486827291,1.5076325486827291,1.19686047659349,-0.8735502470006877,0.20244679089421852
N15_M07_F04_K001_8.mat,N15_M07_F04,K001,8,-0.01595335655121602,0.3959830742080831,0.3963043081326955,-4.641723629744947,4.696655270333645,4.696655270333645,11.851133520256996,12.096920011166592,0.010521058857781599,0.029578739220353166,1.7544308156216224,1.7546801385485093,-3.0340835551237864,2.9658941630790063,3.0340835551237864,1.7291376863897334,-1.5002251177096793,0.0003157510279941963,0.08422686073559756,1.7512237790438239,1.7532480966360424,-2.8735974102103152,2.875663755423793,2.875663755423793,1.6401921444782002,-1.4928819623383593,0.004511060530055965,402.0748985383159,61.78673876639965,406.7945736142314,170.12167955076094,642.8389643946085,642.8389643946085,1.5802545217926656,-1.02823384222879,0.06433629329951299,1499.5525639331056,0.24332396091681432,1499.5525836745107,1499.198791875075,1500.0047061616262,1500.0047061616262,1.0003015049235604,-1.3672899723959624,0.11734743225572009,1.2554861540960096,0.10728235211737944,1.2600615009604201,0.9860758126047677,1.4670615293650047,1.4670615293650047,1.1642777183866095,-0.5833201017784884,-0.3502025010550947
N15_M07_F04_K001_9.mat,N15_M07_F04,K001,9,-0.01668019263831096,0.38896860465685373,0.3893260898464819,-4.156494137878118,4.916381832688435,4.916381832688435,12.6279280040725,12.625627173654834,0.09368727539400167,0.036738498512055316,1.7522258788784066,1.7526109801904481,-2.990690305640745,3.02995086469683,3.02995086469683,1.7288211125823139,-1.4988394487304642,0.004058958191908546,0.08547486910311708,1.7530393352736835,1.7551218944178757,-2.9039038066746614,3.028573301221178,3.028573301221178,1.7255629428665238,-1.4902597223652534,-0.0003328246578489785,402.11003166573795,61.67625885351793,406.81253480244055,173.7837889233408,625.7491206559027,625.7491206559027,1.5381756143767396,-1.0623428247382096,0.056888431680132315,1499.6351477363082,0.11744952571568025,1499.6351523355574,1499.4625349331168,1499.9044115190138,1499.9044115190138,1.0001795497945196,-0.5816500924293511,0.47152739976119384,1.255426884095345,0.10313388744591778,1.2596560086186444,0.9963654954713658,1.4430560132663175,1.4430560132663175,1.145595308078427,-0.7709510916837119,-0.5488340244922916
N15_M07_F04_KA04_1.mat,N15_M07_F04,KA04,1,0.042570412136642755,0.42897245575700227,0.43107958405342844,-2.3864746077978625,2.545166013942989,2.545166013942989,5.9041673697716535,1.829339029150674,-0.23658077452497053,0.04005283194528622,1.7304792952985457,1.7309427549181944,-2.95142974658466,2.981736143049006,2.981736143049006,1.722608176715772,-1.4990272439058219,0.0019404532584413683,0.147361795957069,1.7447229414879224,1.7509350763126428,-3.056813352472046,3.910213925638532,3.910213925638532,2.233214685420086,-1.4855045316630116,0.0021769191180177378,395.47802080847146,34.74929402592988,397.00173598850455,100.23642569069568,653.5201167312997,653.5201167312997,1.6461391915682273,4.27412326153526,-0.296240208889672,1499.5710506259852,0.3003040146411023,1499.5710806954175,1498.8233076551703,1500.2373123349666,1500.2373123349666,1.0004442814669647,0.35430339626765095,-0.9002368753770913,1.2367215753782383,0.1152494093592116,1.2420799818706034,1.019573346089547,1.4880246969863864,1.4880246969863864,1.198010368660305,-1.2984081093582345,0.18229731871297014
N15_M07_F04_KA04_10.mat,N15_M07_F04,KA04,10,0.04300489313331283,0.43606938483322,0.43818481172015833,-2.4658203108704257,2.597045896721203,2.597045896721203,5.926827738565654,1.784821874615531,-0.24900654726309743,0.038150995202861936,1.7397168154692297,1.7401350799467743,-2.9865576152137887,3.006532285610744,3.006532285610744,1.7277579885940264,-1.5003689676301681,0.001782465151092127,0.15103154129519136,1.7546370993042517,1.7611251734958644,-3.19594726351291,3.1456661966516077,3.19594726351291,1.814718971490765,-1.4866036318298188,0.003591294291808715,390.68868162604855,34.84088528479034,392.23912762258664,136.24716785439745,642.228612832512,642.228612832512,1.6373394891150834,3.4953969910853946,-0.21042331163962144,1499.5585053211314,1.1328507281751223,1499.558933230608,1497.2421705021777,1501.7052926553572,1501.7052926553572,1.0014313271570627,-0.7917861606500498,-0.4100107080712616,1.2440986486999308,0.11495646681695403,1.249398430029441,1.0345323862572031,1.535971861844237,1.535971861844237,1.2293691307168069,-1.2512933949477376,0.2579058596209382
N15_M07_F04_KA04_11.mat,N15_M07_F04,KA04,11,0.042983288541815344,0.43683655297878554,0.4389461665309954,-3.002929685515469,2.51770019364864,3.002929685515469,6.841225449689449,1.9759155160342194,-0.26247296367796974,0.028684855222062218,1.7391119801429864,1.739348527580361,-3.0423489359776994,2.9397204570416164,3.0423489359776994,1.749131291248434,-1.5002027564286342,-0.009826623098410798,0.1551668496284289,1.7546350136100546,1.7614825523433284,-3.2648254372955163,3.318550412845949,3.318550412845949,1.883953041959586,-1.493322539060017,0.007970392030749028,389.91425111611375,34.87615081476953,391.47090456264345,146.92832019108866,652.2994136071064,652.2994136071064,1.6662781473781918,2.9389006723934212,-0.32906890861852917,1499.5980099967526,0.2419269568024985,1499.5980295115332,1499.1276846076767,1500.0570870096024,1500.0570870096024,1.0003061203662815,-0.5468430974644511,0.12741671998660642,1.2443849102135354,0.11172110149776324,1.249390014882071,1.053982824977744,1.4953330006545975,1.4953330006545975,1.1968504492936427,-1.2443809784050972,0.46549011484258634
N15_M07_F04_KA04_12.mat,N15_M07_F04,KA04,12,0.0423087970484243,0.4398227037617899,0.4418529676849709,-2.7709960919187457,2.346801756261581,2.7709960919187457,6.271308092456652,1.968698086882056,-0.24271930918701906,0.03851701938400026,1.7322051303017363,1.732633306336307,-2.9851800517381366,2.95142974658466,2.9851800517381366,1.72291508008141,-1.5018481895288849,0.002193008608747444,0.15182049733570657,1.7490986731431732,1.7556752637667568,-3.067145078539437,3.19250335482378,3.19250335482378,1.8183905763838952,-1.4886423829877176,0.00528495056654704,389.18654772720686,35.4990391771531,390.8021887276509,135.6368162923008,680.9859370256486,680.9859370256486,1.7425335800773267,4.629313066080957,-0.14392366754021982,1499.7572279584133,0.609967007581042,1499.7573519984007,1498.8494154134758,1500.9529548151374,1500.9529548151374,1.0007971975034118,-0.9929937350402098,0.13748081051331543,1.2380220163968827,0.11567924251850333,1.2434147338008579,1.0184139826927499,1.5454367124793122,1.5454367124793122,1.2428972172102517,-1.091456263020644,0.391744525803772
N15_M07_F04_KA04_13.mat,N15_M07_F04,KA04,13,0.04233224542406824,0.4363277059372856,0.4383764204096041,-3.21350097443881,2.743530271624397,3.21350097443881,7.330460364260065,2.0409493635594167,-0.2491155764634099,0.03808559078934475,1.7389933233319,1.739410328478792,-3.030639646434656,3.0113537577755265,3.030639646434656,1.74233738688048,-1.4968422689568173,0.005852045206266178,0.15756438186250163,1.7502907386215425,1.7573685453359114,-3.110538328022479,3.5238073707181137,3.5238073707181137,2.0051612850761233,-1.4894186275792096,0.007013283930532058,388.98052880420926,34.497004873508594,390.50722801767085,123.73496083141632,663.8960932869428,663.8960932869428,1.700086568581775,3.5150251456733823,-0.17277573010998232,1499.5526041369146,0.6054664497775226,1499.552726369908,1498.738637921809,1500.7887303458213,1500.7887303458213,1.0008242484269996,-0.9551825872993125,0.4879669909081908,1.2409408749479613,0.11817687165958438,1.2465552647644058,1.0234755304012364,1.4988960721383917,1.4988960721383917,1.2024305014841659,-1.5067369476015637,0.13852288405836238
N15_M07_F04_KA04_14.mat,N15_M07_F04,KA04,14,0.042067327654909656,0.4371970233159415,0.4392162306340072,-2.5939941389107197,2.4780273421123584,2.5939941389107197,5.905961478623633,1.9682277563734543,-0.25930122691440183,0.03515042076184117,1.7401799627357972,1.740534933515238,-2.957628782225094,3.0182415751537874,3.0182415751537874,1.734088478797753,-1.4929301816511966,0.009945178487294537,0.16431958774981503,1.751963314315473,1.7596523468076084,-3.2104116800072573,3.2035238626289972,3.2104116800072573,1.8244579310405498,-1.4951969788299087,0.015805892846786816,389.10211468035345,35.565343655504236,390.72413454771004,123.12460926931968,682.5118159308902,682.5118159308902,1.7467869414336137,4.819443669408475,-0.1968815611199725,1499.7299341468974,0.9262456012224002,1499.7302201753394,1498.302728747421,1501.4984093807661,1501.4984093807661,1.0011790048514326,-0.9895040303575247,0.18263765372516902,1.2424293657400864,0.12339734126317244,1.2485422030048214,1.0131209858975232,1.5245319294508868,1.5245319294508868,1.2210495774847265,-1.355887018652304,0.34104733170598306
N15_M07_F04_KA04_15.mat,N15_M07_F04,KA04,15,0.043012575559535415,0.43777121317126155,0.43987920698494354,-2.5756835920478207,2.6031494123421695,2.6031494123421695,5.917873295682448,1.8495013611642426,-0.2453644956876684,0.025345073211594852,1.7354186180771807,1.735603685380108,-3.0395938090263948,2.9390316753037906,3.0395938090263948,1.7513179043294695,-1.4937482702974385,-0.01615708551522013,0.15834486996427558,1.7473047014563308,1.754464823692798,-2.95831756396292,3.6594973730698475,3.6594973730698475,2.0858197460849266,-1.4963457138323826,0.010389487878684281,388.79394976580073,35.47678838942568,390.4091928847476,105.1192381874688,726.4571284018483,726.4571284018483,1.8607582547788653,4.80762086603768,-0.030655288271968565,1499.6380751287963,0.6030165679408137,1499.6381963677047,1498.6942666138448,1500.5323445738532,1500.5323445738532,1.0005962426192625,-1.4370823498905707,-0.14495361166201906,1.2382817859722408,0.10960751935276565,1.243123320418883,1.0104659199660844,1.4804345301946416,1.4804345301946416,1.190899169758793,-1.322586107673908,0.2919479493291264
N15_M07_F04_KA04_16.mat,N15_M07_F04,KA04,16,0.04108736590200114,0.43831013744628455,0.44023169834184567,-2.4322509749551102,2.4047851546607615,2.4322509749551102,5.524933765824458,1.832593679778336,-0.24217651708487486,0.02682928109562988,1.7378060137209328,1.738013104567612,-3.067833860277263,2.9569400004872683,3.067833860277263,1.7651385091486338,-1.4956173414652243,-0.013836698677043518,0.15874030091006255,1.7508384607566256,1.758019851650614,-2.9851800517381366,3.463883359527247,3.463883359527247,1.970332335141147,-1.4950704476687084,0.010699791955018079,388.65611921968065,35.105357194361424,390.2383439779416,126.78671864189954,675.7979487478273,675.7979487478273,1.7317569100437424,4.73877301700417,-0.0607823168082829,1499.3756152576311,1.2631819291517115,1499.3761473552213,1497.8549324250262,1501.8275345219715,1501.8275345219715,1.001634938084799,-1.0171760492774204,0.4711701929836413,1.2408985889593807,0.11079736281328076,1.2458352072757295,0.9988282707439193,1.500908822050967,1.500908822050967,1.2047410550653865,-1.3264616230015713,0.3367787978821147
N15_M07_F04_KA04_17.mat,N15_M07_F04,KA04,17,0.043484374864451586,0.4373882942451186,0.43954454927800735,-2.7404785138139136,2.9327392558743552,2.9327392558743552,6.672223010595061,1.9477172456286755,-0.2339128498651477,0.022510956639787853,1.738636005109307,1.7387817290940482,-3.0168640116781353,2.989312742165093,3.0168640116781353,1.7350446931887202,-1.499818834781839,-0.009613091672381275,0.16769075491424867,1.7541008339552016,1.762098159855473,-3.013420102989005,3.356433408426382,3.356433408426382,1.9047936629714637,-1.485265483433707,0.027166051598894736,388.3951428753476,34.758161988043945,389.94732571713934,154.86289049834497,630.6319331526759,630.6319331526759,1.6172233826527758,3.426195529513393,-0.25539271776755534,1499.6911984994615,0.867260195110485,1499.6914492644803,1498.072630286245,1501.2438552152607,1501.2438552152607,1.0010351502314305,-0.7875057512315822,-0.038651476387767135,1.2408322449979083,0.12049912115986885,1.2466694423249691,1.0035440628904517,1.503979131182194,1.503979131182194,1.206397686605165,-1.3133087415030258,0.2844405155736749
N15_M07_F04_KA04_18.mat,N15_M07_F04,KA04,18,0.04209966681491106,0.4397415765639512,0.4417522338425419,-2.6336669904470016,2.563476560805888,2.6336669904470016,5.9618645672446,1.9101886772800727,-0.24781520579035665,0.035434873653505033,1.7365105978962752,1.7368720985947466,-2.9493634013711816,3.0189303568916133,3.0189303568916133,1.7381420078854068,-1.493008982432831,0.010126566090841003,0.16362802977132523,1.7482732910448076,1.7559139023048618,-3.0581909159476983,3.3151065041568186,3.3151065041568186,1.8879664315006088,-1.4952491739490814,0.017035132740546313,388.44756380958967,34.961843066262254,390.01774357097554,148.45419909633026,632.1578120579173,632.1578120579173,1.6208437243647533,3.6066438984789473,-0.12970267561862342,1499.5800632558503,0.6298365016644903,1499.5801955242137,1498.247075403399,1500.6948518303027,1500.6948518303027,1.0007433122345948,-0.42297073977673616,-0.17297743892630707,1.2392028923069662,0.12375327772272689,1.2453668865234329,1.0323660715704217,1.5107732761728976,1.5107732761728976,1.2131150205786934,-1.3224593008977346,0.37044844065604654
N15_M07_F04_KA04_19.mat,N15_M07_F04,KA04,19,0.04215402600363601,0.43687242297151363,0.43890144208160936,-2.5390624983220222,2.7557373028663297,2.7557373028663297,6.278715535306735,1.9097644762538453,-0.24813953088797566,0.022677678633246528,1.7400733480797963,1.7402211163544203,-3.0333947733859605,3.0120425395133523,3.0333947733859605,1.7431088181142191,-1.4982814837725393,-0.010600920057359733,0.1664993897517885,1.7513591318971575,1.7592557675526552,-3.2104116800072573,3.149110105340738,3.2104116800072573,1.8248692084570177,-1.4867244101298105,0.02470346741363286,388.6354156389027,35.07391466591904,390.2148969206774,97.79501944230913,649.2476557966233,649.2476557966233,1.6638207841885697,3.889821117420828,-0.11651024498142806,1499.4172858888828,0.5224114145447235,1499.4173768954624,1498.4644817254366,1500.2848274341186,1500.2848274341186,1.0005785250671513,-1.0361919412483447,-0.19104533057729897,1.2403431449259763,0.11239922617427521,1.2454255109035777,1.0111716180966777,1.497655096971456,1.497655096971456,1.2025248269443922,-1.3243055100281378,0.14100310359736565
N15_M07_F04_KA04_2.mat,N15_M07_F04,KA04,2,0.042203688540290905,0.4390324654614672,0.4410562969231709,-2.548217771753472,2.258300779757568,2.548217771753472,5.77753404617496,1.7886120653778992,-0.23359021430277344,0.022734084031182163,1.7322588452761394,1.7324080193805849,-3.0092874125620486,2.90597015188814,3.0092874125620486,1.737054653925007,-1.4936384259630078,-0.016378825010823227,0.15441943976648434,1.7449201066867515,1.7517395759922474,-2.9948229960677013,3.195258481775084,3.195258481775084,1.8240488058649793,-1.4964163673563338,0.011967376336777595,394.6481921041591,34.93193336353862,396.19116029966636,122.81943348827136,680.6807612446003,680.6807612446003,1.7180614548031687,4.296445658309888,-0.051307959494924865,1499.8103052245335,0.7376335313214832,1499.810486615204,1498.313890170146,1500.9192005786078,1500.9192005786078,1.0007392360390186,-0.645376940549856,-0.6761013960353993,1.2393035974189517,0.10772029315929112,1.2439763133331274,1.0264673287115866,1.4871469920209663,1.4871469920209663,1.1954785441503175,-1.304398054952698,0.3084147366674323
N15_M07_F04_KA04_3.mat,N15_M07_F04,KA04,3,0.04239737984716416,0.4415793045179075,0.4436099863578632,-2.655029295120384,2.325439451588198,2.655029295120384,5.9850530348037605,1.8594343322790676,-0.2329363832441689,0.036126997660365284,1.7306007100355743,1.7309777518892568,-2.971404416981615,2.9769146708842236,2.9769146708842236,1.7197879450704103,-1.494911764247734,0.00816171156120371,0.15752901388367416,1.741424955080229,1.7485354627205427,-3.0423489359776994,4.050725400155049,4.050725400155049,2.3166389738830535,-1.4907766345237559,0.007753253449857905,393.7238274681989,35.530633723955454,395.32376383040014,93.82773428868097,724.6260737155583,724.6260737155583,1.832993965995006,5.72258588112353,-0.2545236302316682,1499.3905433299392,0.5553820652977907,1499.3906461881404,1498.2342864403047,1500.3222556542617,1500.3222556542617,1.0006213253820742,-0.7226871896259963,-0.44262152691913564,1.2371151898201447,0.11835192717050888,1.2427635219737927,0.9862785411921562,1.503467265780348,1.503467265780348,1.2097774348835877,-1.4881111739921264,0.15915081605855722
N15_M07_F04_KA04_4.mat,N15_M07_F04,KA04,4,0.04156803341725323,0.435910157097398,0.43788761853112046,-2.5878906232897534,2.362060545313997,2.5878906232897534,5.909942445896842,1.8209611500489977,-0.24219974238722228,0.021974674887899278,1.739214725953448,1.739353543506827,-3.0430377177155252,2.930766294449878,3.0430377177155252,1.7495222458225792,-1.4938254106698137,-0.015724514830066916,0.15476170225150332,1.7511750192525484,1.7580003221097387,-3.3757192970855114,3.122247617565522,3.3757192970855114,1.9202040264898148,-1.4967146377224547,0.011631694253507978,393.4938728158584,35.06863077272936,395.05346069601393,146.92832019108866,668.1685542216192,668.1685542216192,1.6913370485210406,4.234964557788594,-0.07922101428471158,1499.7492592462283,0.7103336768080148,1499.7494274656494,1498.434231924885,1500.9380227835984,1500.9380227835984,1.0007925292693443,-0.9168768286382627,-0.21009467662044964,1.2439332261140783,0.10671232521427333,1.2485020590224174,1.0401142642956718,1.4771601194090094,1.4771601194090094,1.1831459217341076,-1.3199715392454974,0.2833065366036683
N15_M07_F04_KA04_7.mat,N15_M07_F04,KA04,7,0.0418871593167987,0.43915617110192673,0.44114926808568494,-2.944946287116288,2.9663085917896703,2.9663085917896703,6.7240474061344715,1.9236997136071263,-0.24506673324535475,0.0280795544495612,1.7320687659911735,1.7322963578730617,-3.0092874125620486,2.9300775127120517,3.0092874125620486,1.7371666221459328,-1.5007822658604282,-0.007010645011017105,0.14947613481263025,1.7476119539373989,1.7539927754764035,-3.2806674172655153,3.8998821995711417,3.8998821995711417,2.2234311646533955,-1.4921290546450723,0.010388307516040633,392.29185984896486,34.82645801752876,393.83471848201316,131.66953113867262,674.8824214046822,674.8824214046822,1.7136184031868302,3.996031166243019,-0.21439190693555532,1499.5134360594059,1.0146516672259687,1499.5137793433883,1497.7311283378733,1501.0745203802142,1501.0745203802142,1.0010408314070374,-1.0551089055757252,-0.16436875199298706,1.2399707873306791,0.1105123858227347,1.2448857541371805,1.0230229252635765,1.506055400836126,1.506055400836126,1.2097940681150776,-1.1484804566601738,0.42578410238292946
N15_M07_F04_KA04_8.mat,N15_M07_F04,KA04,8,0.0421383880347843,0.4351185159644436,0.4371541680932137,-2.6306152326365186,2.960205076168704,2.960205076168704,6.771535746943865,1.939241145159123,-0.24681245438245522,0.028238902388941875,1.737386007064276,1.7376154848385994,-2.9789810160977024,3.0168640116781353,3.0168640116781353,1.7362092119928136,-1.503322713339128,-0.0048520251583710275,0.16612809552235505,1.755824092871029,1.763665724911684,-3.113293454973783,3.237274167782474,3.237274167782474,1.8355372688010825,-1.4915082137416449,0.019408744769792288,390.3572051511644,35.01783638099604,391.9247331800259,138.99374988383235,626.969823780096,626.969823780096,1.5997199735085486,3.41310252738948,-0.23420513271787968,1499.6001754893866,0.5488087909871414,1499.600275913181,1498.2486357379537,1500.4877416894844,1500.4877416894844,1.00059180155576,-0.9638226731533788,-0.038642543619842554,1.244451529282475,0.1288097815482753,1.251100143296293,1.058846242289379,1.5361683929576697,1.5361683929576697,1.2278540620339975,-1.105298448342121,0.5866971473524407
N15_M07_F04_KA04_9.mat,N15_M07_F04,KA04,9,0.04186375810917199,0.4355496726252622,0.43755695808316925,-2.7099609357090815,2.3681640609349635,2.7099609357090815,6.19339010761196,1.894748191567409,-0.24401711457435293,0.022267940514660117,1.741146802579747,1.741289191750882,-3.0168640116781353,2.98449127000031,3.0168640116781353,1.7325462226321244,-1.4978070074988041,-0.011666075804623702,0.16635281367537733,1.752301035004972,1.7601795862630634,-3.005843503872918,3.1318905618950867,3.1318905618950867,1.7793017180390238,-1.4880448062108118,0.023311431829180627,389.87524827427615,35.44124246648223,391.4828104585135,145.0972655047987,655.0459956365414,655.0459956365414,1.6732433152539616,4.144737137037769,-0.3328709436176867,1499.4517520242596,0.5154090465866584,1499.4518406054615,1498.4656874924115,1500.3441186474706,1500.3441186474706,1.0005950694899604,-0.8404051194810132,-0.17851739709824013,1.2433068174816193,0.11230224392648047,1.2483683896940017,1.0132695016629085,1.4937877373491955,1.4937877373491955,1.1965920874649434,-1.3088957181714589,0.14865446471937532
N15_M07_F10_K001_1.mat,N15_M07_F10,K001,1,-0.018842242058867854,0.4061980326547133,0.4066348138297611,-4.928588863930368,4.391479489285325,4.928588863930368,12.120430165612275,10.101034594060154,0.026073113648747148,0.006965197399353773,1.7669069561923234,1.7669206846419658,-3.060946042899003,2.9404092387794427,3.060946042899003,1.7323618821742686,-1.4940289200159036,-0.011572286229107203,0.05544156091613498,1.7658054617562893,1.7666756056065192,-3.00377715865944,2.8735974102103152,3.00377715865944,1.7002426190337363,-1.4964073814789611,0.005780031241178512,1035.6908452185908,71.92114091546813,1038.185040048344,792.069921327237,1288.5909170928537,1288.5909170928537,1.241195805550087,-1.2068749819024633,0.0918541954073814,1499.585804139182,0.1213664583740831,1499.5858090504776,1499.3323988086177,1499.8109295926902,1499.8109295926902,1.0001501218142062,-0.7865388681009091,-0.3096090950315203,1.2620291569724484,0.0687760873490865,1.263901793352489,1.1091972097251601,1.4601699875426517,1.4601699875426517,1.1552875351727787,-0.5241025924727554,0.37652448534269617
N15_M07_F10_K001_10.mat,N15_M07_F10,K001,10,-0.017400118685799795,0.4092644682018923,0.4096341893236668,-4.763793942164275,4.486083981410304,4.763793942164275,11.62938559896481,10.114189808061246,-0.06249188939491187,0.019961411575280565,1.7738828419415698,1.7739951507506377,-2.943853147468573,3.0630123881124813,3.0630123881124813,1.7266182417784042,-1.4938451565402082,0.012565186230307885,0.06725551610486839,1.7708137078288124,1.7720904300517395,-2.8811740093264016,2.8942608623450967,2.8942608623450967,1.6332467086685827,-1.4958645558939399,0.011549746544085096,1030.0079809271242,72.04501169165937,1032.5245394097046,792.9854486703821,1253.4957022722972,1253.4957022722972,1.2140105677187314,-1.2519007731503664,0.06481818103567863,1499.5903450699711,0.28715396113327313,1499.5903725632788,1499.1630306805034,1500.2057376909813,1500.2057376909813,1.0004103554803774,-0.7463941696261873,0.38240820967144584,1.2658085744886363,0.09463229333302345,1.2693410172961486,1.0519359311679233,1.4976207859218649,1.4976207859218649,1.1798411660185535,-0.6807776043446272,0.12486289286266651
N15_M07_F10_K001_11.mat,N15_M07_F10,K001,11,-0.017873169688331022,0.40766733370472497,0.408058948149195,-5.081176754454527,5.224609371547238,5.224609371547238,12.803565257529925,10.816344789016258,-0.05947087514367688,0.01759247694160785,1.773272049886427,1.7733593144519109,-2.946608274419877,3.073344114179872,3.073344114179872,1.7330633950682155,-1.4967415356595366,0.007150111849456272,0.0686050406038403,1.7692871400799255,1.7706167387801506,-2.9541848735359637,3.1408447244868256,3.1408447244868256,1.7738704575054907,-1.4940761263320985,0.013096218968413698,1029.944324802278,71.95920707616388,1032.4550545546524,749.3453119804724,1282.4874014718876,1282.4874014718876,1.2421726212818882,-1.213154966059627,0.05280834347197344,1499.5497094292168,0.13259659595335258,1499.5497152915955,1499.2346460304452,1499.8306647542913,1499.8306647542913,1.0001873558841237,-0.30184693798932294,-0.4442535970297724,1.2656600503171866,0.09926679824206654,1.2695468719988778,1.027975060181305,1.5044166295276469,1.5044166295276469,1.1850028247944646,-0.705414278246967,0.06493656587472572
N15_M07_F10_K001_12.mat,N15_M07_F10,K001,12,-0.0162147342330802,0.3953889634791657,0.3957213035045984,-4.547119137619967,4.772949215595725,4.772949215595725,12.061390613356913,11.845440507526337,0.05757647894738836,0.005285817449078358,1.7685750652091472,1.7685829641681057,-2.9810473613111803,2.9968893412811792,2.9968893412811792,1.694514423127917,-1.4983161764938888,-0.005890065588840747,0.07155780966449103,1.7715961598699483,1.7730407422814423,-2.8804852275885753,2.928699949236399,2.928699949236399,1.6517950656158775,-1.488742464982752,0.019695590142019406,1030.1494722098407,71.52741657920585,1032.6297044036205,760.6368158792601,1293.1685538085787,1293.1685538085787,1.2523061735430403,-1.1782671413871748,0.08384700861635651,1499.5895680148606,0.15835009640944459,1499.5895763753992,1499.2790830958495,1499.8524678731014,1499.8524678731014,1.0001753089657621,-0.9296186734151775,-0.4410935414685542,1.2652961001285887,0.08237489780840145,1.2679747019517227,1.0416850864590064,1.4797656696736223,1.4797656696736223,1.1670309095251676,-0.42387232858998747,-0.295607399601689
N15_M07_F10_K001_13.mat,N15_M07_F10,K001,13,-0.01564766672438832,0.4044995453979366,0.40480208954630514,-5.014038082623898,4.852294918668288,5.014038082623898,12.386393776384754,10.459819230337802,0.06656988100254164,0.023112915597952186,1.7704841595718857,1.7706350177725514,-2.9610726909142246,3.027884519483352,3.027884519483352,1.7100557083144179,-1.4949538884761542,0.012343421873878081,0.06629607673948014,1.7723346084880054,1.7735741129807285,-2.981736143049006,2.9080364971016177,2.981736143049006,1.6812018856307052,-1.494374965579256,0.004042733296572252,1030.589656719216,71.71915518572614,1033.0821253691238,809.4649408469913,1274.247655383583,1274.247655383583,1.2334427477663403,-1.2143011987912533,0.06670648460162795,1499.6035083333206,0.1164706185596003,1499.6035128563183,1499.4081795796587,1499.814679518341,1499.814679518341,1.0001408149955722,-1.2231949959870971,0.18070330657703712,1.2648855509035428,0.0795586919442152,1.2673851199806765,1.0883511826484307,1.474737091480517,1.474737091480517,1.163606127475287,-0.8804739704997342,0.0812758182147191
N15_M07_F10_K001_14.mat,N15_M07_F10,K001,14,-0.01680659833640196,0.40147870666795793,0.4018303294369619,-4.757690426543308,4.687499996902195,4.757690426543308,11.840048094950191,10.557631468583747,0.049219291678903244,0.015123524258089771,1.7709948493049206,1.771059422281066,-3.0664562968016114,2.934210203139008,3.0664562968016114,1.731424851263385,-1.4996448611723578,-0.0007091717834276261,0.05867785987926034,1.7673204618257352,1.7682942928223062,-2.8866842632290104,3.0340835551237864,3.0340835551237864,1.7158250000802766,-1.49335385520554,0.002099808682386339,1030.3547213216104,71.67293026524254,1032.8445481690553,773.4541986832895,1289.5064444359987,1289.5064444359987,1.2485000252186382,-1.172486337802179,0.08860964895533731,1499.5476615824202,0.1670173718498118,1499.5476708834926,1499.2333099793184,1499.864224944701,1499.864224944701,1.000211099698499,-0.9560587225779962,-0.23736021140538333,1.264600531742947,0.09133884867057171,1.267894826143324,1.0226031840986864,1.456609980984655,1.456609980984655,1.1488413320648716,-0.6267802824060542,-0.24067209523266067
N15_M07_F10_K001_15.mat,N15_M07_F10,K001,15,-0.018357889850384848,0.40711874973880247,0.4075324385967877,-4.9591064420352,4.956054684224717,4.9591064420352,12.168617691171661,10.817332244918077,0.004820304704234487,0.015967183428937638,1.7706943374917203,1.7707663278286878,-2.9328326396633564,3.0643899515881334,3.0643899515881334,1.7305445125250862,-1.497430428104735,0.006509899696554296,0.07285506251308083,1.7668386859278387,1.7683401262836846,-2.9080364971016177,2.889439390180314,2.9080364971016177,1.6445006556589883,-1.494422067017395,0.012213459020917325,1030.8714381054535,72.52786296012697,1033.419669256962,781.0835932094976,1281.266698347694,1281.266698347694,1.2398319254644499,-1.23018450490294,0.07554394566246136,1499.5835824860576,0.2413091968843766,1499.58360190149,1499.1282144420004,1499.9980462407088,1499.9980462407088,1.0002763729469255,-0.8864764155153027,-0.23235136669290837,1.263725014417928,0.1012175995469034,1.2677720278203135,1.0102767853142143,1.4900835701371442,1.4900835701371442,1.1753560872446855,-0.6967122200470226,0.05170710456762701
N15_M07_F10_K001_16.mat,N15_M07_F10,K001,16,-0.015953242965830394,0.4011597666060754,0.40147685400850663,-4.483032223599821,4.437255856442572,4.483032223599821,11.166352876484464,10.592225048708713,0.05204646670345954,0.005391034075765336,1.7691564307487133,1.7691646446014946,-3.0382162455507427,2.9872463969516145,3.0382162455507427,1.7173168448859109,-1.4954656660186907,-0.010482200136940782,0.06690797523917402,1.7707407932184707,1.7720044113710849,-2.8694647197833585,2.9273223857607475,2.9273223857607475,1.6519836897560192,-1.4937399722254348,0.011452850731716488,1031.2457623674813,72.13732255868393,1033.7657450829097,795.4268549187686,1347.795018616228,1347.795018616228,1.3037721795551782,-1.1864462543103316,0.07494121670626014,1499.5584530157241,0.31524353173605174,1499.558486151639,1499.1196063796428,1500.091117614428,1500.091117614428,1.0003551921900398,-1.3764529057251444,0.15088451324330243,1.2639074805650765,0.06964358889201011,1.265824770219843,1.0970384011024317,1.457054171136033,1.457054171136033,1.1510709897729194,-0.5704780720271914,0.2284791649332473
N15_M07_F10_K001_17.mat,N15_M07_F10,K001,17,-0.015501773119169246,0.39886871535894236,0.39916983485971386,-4.3212890596442115,4.656982418797363,4.656982418797363,11.666669202180659,10.898787163932278,0.11265119047541897,0.019953112215990058,1.767119000911393,1.7672316458430632,-3.0313284281724826,2.967271726554659,3.0313284281724826,1.7152977286836544,-1.4999539873923866,0.007015304102738813,0.06008403324796267,1.7664079464297178,1.7674295245529297,-2.8942608623450967,2.8839291362777058,2.8942608623450967,1.6375537593654255,-1.4913378562985333,-0.0028206535276758277,1031.5768318511641,72.4849612611862,1034.1203168012514,773.4541986832895,1304.4600577073663,1304.4600577073663,1.261420007434272,-1.1820413668819718,0.10382734311037509,1499.6331396694973,0.3203623801745033,1499.6331738885508,1499.151279076737,1500.2405331407606,1500.2405331407606,1.0004050052124647,-1.1210565637735637,0.22970807869561588,1.2632212442092237,0.09345391543269572,1.266673417314503,1.015020271984311,1.4542626982239775,1.4542626982239775,1.148096011446412,-0.57518076795039,-0.4544232793402669
N15_M07_F10_K001_18.mat,N15_M07_F10,K001,18,-0.014946179957601367,0.4016424381002793,0.40192043538300176,-4.852294918668288,4.153442380067635,4.852294918668288,12.07277483675194,10.707088150962393,0.05437743523282143,0.013757693221613045,1.7695907068699317,1.7696441856947416,-2.9397204570416164,3.0361499003372647,3.0361499003372647,1.7156838221381254,-1.5009723352046567,0.0007067919086025164,0.07740768060244883,1.7653899780274522,1.7670862241373566,-2.846046140697273,3.0685226420150897,3.0685226420150897,1.7364872183942575,-1.4928961717457176,0.014292608793603815,1031.3796099295205,72.29286022457526,1033.9101302423824,769.4869135296615,1280.351171004549,1280.351171004549,1.2383582804284865,-1.2161081295338794,0.07633031483763804,1499.6123223480263,0.46181069997306345,1499.6123934561103,1498.7877460494792,1500.3279757888895,1500.3279757888895,1.0004771781934463,-1.1794862142517684,-0.044588898615248396,1.2634531674786023,0.10641378621308958,1.2679265752826219,1.0126611650994757,1.4825635827768107,1.4825635827768107,1.1692818903542155,-0.724325458693992,-0.05959438605522911
N15_M07_F10_K001_19.mat,N15_M07_F10,K001,19,-0.016451854802896577,0.4047467130228701,0.4050809366401647,-5.477905269817343,4.1412353488257025,5.477905269817343,13.522989541923057,10.558871202215679,0.0239687041579482,0.014274195093398393,1.7726472225099634,1.7727046928684576,-2.9493634013711816,3.051303098569438,3.051303098569438,1.7212698261841053,-1.4992726997676635,0.0028592600472175152,0.07838903396768152,1.7684508327633939,1.7701873314844183,-2.90941406057727,3.013420102989005,3.013420102989005,1.70231706520126,-1.4934391815455597,0.01471866381162725,1031.8908050136542,71.5389035290063,1034.367656198636,818.0098627163444,1285.5391592823705,1285.5391592823705,1.2428261378616623,-1.2231881379546707,0.07617315274773943,1499.620926964692,0.14481636511177434,1499.620933957052,1499.3060167734848,1499.9633204810066,1499.9633204810066,1.0002283153803748,-0.3702779800111675,0.6155669397593385,1.2652181604809858,0.10419069983595206,1.2695009631911254,1.0277769598658908,1.497538192545649,1.497538192545649,1.1796274567459246,-0.7099565223149025,-0.00829048829112578
N15_M07_F10_K001_2.mat,N15_M07_F10,K001,2,-0.017051057955790275,0.39572090597925624,0.3960880886955011,-4.489135739220787,4.678344723470746,4.678344723470746,11.811374431578265,11.03542941492875,-0.00518560576457406,0.00594963843336873,1.7690701154344886,1.7690801201530932,-2.9624502543898767,2.9858688334759624,2.9858688334759624,1.687808708865922,-1.4994478491947594,-0.004733070576324321,0.06589092291128094,1.7688419070417676,1.7700687291258654,-3.014797666464657,2.913546751004226,3.014797666464657,1.7032093821314447,-1.4920486889410576,0.016304841179790718,1030.231000457858,72.46253919653252,1032.7762264359149,773.4541986832895,1315.7515616061542,1315.7515616061542,1.2739948189423185,-1.2351274615955026,0.07603086156119286,1499.6137642483084,0.19100020000150156,1499.613776411799,1499.2105259545363,1500.0248654331594,1500.0248654331594,1.000274129931204,-0.3492728649695813,0.17545888772531545,1.2653347442975282,0.09554568881266433,1.2689369542168665,1.0323075367655417,1.47714441216248,1.47714441216248,1.1640802226254892,-0.6226952327973203,-0.17998225891498013
N15_M07_F10_K001_20.mat,N15_M07_F10,K001,20,-0.01591979191952372,0.4048764928013451,0.40518935597801503,-4.8645019499102204,4.6813964812812285,4.8645019499102204,12.00550280539492,10.453893479396983,0.06073255641874189,0.014169463697983402,1.7720214808104402,1.7720781309398053,-3.038905027288569,2.9273223857607475,3.038905027288569,1.7148820778443408,-1.4991196737705235,-0.003710285787962055,0.06244111134578049,1.7676618993198123,1.7687643943422826,-2.9245672588094433,2.859821775453794,2.9245672588094433,1.6534521319878488,-1.4937461529984988,0.0026010437186480832,1031.930420563968,71.86034985441532,1034.4294576076838,778.9473627421594,1311.1739248904296,1311.1739248904296,1.2675334361830437,-1.1649095957750946,0.08561261974818837,1499.6071884853409,0.19063995355560706,1499.6072006030452,1499.2705172897945,1500.016200046242,1500.016200046242,1.0002727377162715,-0.6195124242483621,0.20348724225019765,1.2646305755708356,0.09076447382782334,1.2678835444857957,1.0245702206882599,1.4622000403197182,1.4622000403197182,1.1532605235544167,-0.6419621106106508,-0.13061251930707427
N15_M07_F10_K001_3.mat,N15_M07_F10,K001,3,-0.016648976414123304,0.4015405052326901,0.4018855132474446,-4.605102536019149,4.711914059386061,4.711914059386061,11.724518311972325,10.43951075886376,0.03225511856835453,0.021545021860299073,1.7694165462383553,1.7695477111592752,-2.9569400004872683,3.028573301221178,3.028573301221178,1.7114957014846937,-1.4966581018839598,0.010411679407482242,0.05511762252499607,1.7726909667855397,1.7735476356827462,-3.0099761942998744,2.9045925884124872,3.0099761942998744,1.6971499009899171,-1.49149054800065,-0.0007406121525943359,1029.7020615589547,71.84364894061792,1032.2053310615404,735.9175776143462,1276.0787100698728,1276.0787100698728,1.236264405607679,-1.2122773718565778,0.062487827381561924,1499.625374399369,0.19627689011431995,1499.6253872441162,1499.2698841717486,1500.0195733995515,1500.0195733995515,1.0002628564165346,-0.7293710697269926,0.23197201503731776,1.265225919061398,0.0722945714631158,1.2672896793266304,1.0823894195474233,1.4700197628698044,1.4700197628698044,1.159971383694132,-0.9080144847881648,-0.13334074091146422
N15_M07_F10_K001_4.mat,N15_M07_F10,K001,4,-0.01662692488154767,0.3990760753552032,0.3994222935089232,-4.476928707978854,4.33959960650711,4.476928707978854,11.208509842174943,11.26999885320132,0.011076660868049232,0.0030259301196988563,1.7688584318584921,1.7688610200380284,-3.017552793415961,2.9982669047568318,3.017552793415961,1.705929838032774,-1.4981935431643247,-0.00586531694866015,0.06508208913794802,1.7719560312469038,1.773150826917676,-2.876352537161619,2.8880618267046625,2.8880618267046625,1.6287739220273052,-1.4899040822327527,0.016991008101021478,1029.6180741360315,71.86519764606481,1032.123047519189,778.6421869611111,1266.3130850763264,1266.3130850763264,1.226901277052224,-1.1968176839090021,0.08753759933837725,1499.6191200246412,0.10881897236330351,1499.6191239728332,1499.4524419911625,1499.8701832321187,1499.8701832321187,1.0001674153491857,-0.6947540613765546,0.2006541948733971,1.2657248192189587,0.0771710290386839,1.2680751892966582,1.0441377730582104,1.473100754292994,1.473100754292994,1.161682498582796,-0.25166506049140924,-0.2278957024669723
N15_M07_F10_K001_5.mat,N15_M07_F10,K001,5,-0.015817949961391062,0.3951533839133819,0.3954698526552658,-4.531860348567552,4.391479489285325,4.531860348567552,11.459433173324618,11.116731461840075,0.07404439601376378,0.02061081165798452,1.769356932454531,1.7694769735665141,-2.9865576152137887,3.0161752299403095,3.0161752299403095,1.7045574907148868,-1.4977013449763097,0.0075726029794199,0.05482395211634711,1.7725442038812573,1.7733918406372282,-3.0451040629290036,2.9011486797233577,3.0451040629290036,1.717107293013604,-1.4894735434463466,-0.004177053624870413,1030.0267361859358,72.51502947381164,1032.5761505852433,753.9229486961972,1296.5254874001103,1296.5254874001103,1.2556221511268353,-1.1809118810940278,0.059820106344737875,1499.6196180514828,0.27848687287671875,1499.619643909686,1499.0578425943474,1500.005274644401,1500.005274644401,1.0002571523627883,-0.7869829538808739,-0.3589080767252689,1.2659023092740533,0.08045491951154171,1.268456404729382,1.0350741531767493,1.4386678506287311,1.4386678506287311,1.134187856409352,-0.699879077834622,-0.3979406807793187
N15_M07_F10_K001_6.mat,N15_M07_F10,K001,6,-0.014860822315000244,0.40691366513233107,0.40718493944558515,-4.040527341079756,4.397583004906291,4.397583004906291,10.799964779871162,10.365269702507728,0.12615835072521256,0.01604243081601758,1.773415469434947,1.7734880283829544,-2.979669797835528,3.065767515063785,3.065767515063785,1.7286654694021903,-1.4964483870131755,0.007917120369782519,0.0670833474220011,1.7693843624291792,1.7706555841016214,-2.9101028423150956,2.8928832988694446,2.9101028423150956,1.6435171630464749,-1.4947913901364387,0.011881160745909057,1029.7974299916016,72.33650145238978,1032.3348857128094,781.0835932094976,1294.9996084948687,1294.9996084948687,1.2544375148193252,-1.1861479467850164,0.055577654556408985,1499.6284534305457,0.21569129360620257,1499.6284689419656,1499.25859520517,1500.0328269438228,1500.0328269438228,1.0002696387873609,-1.2476711532634635,0.04145361058000175,1.2658977685197161,0.09826833072272989,1.2697061963959335,1.033816149093683,1.4956909996944148,1.4956909996944148,1.1779819645993224,-0.7035210843086075,0.06559106334915447
N15_M07_F10_K001_7.mat,N15_M07_F10,K001,7,-0.016375358500656075,0.4092451979937696,0.40957268518174494,-4.376220700232909,4.724121090627994,4.724121090627994,11.534267937159187,9.902367193365913,0.03966747272429873,0.016391518028004957,1.7736035045847696,1.7736792475920327,-2.9638278178655284,3.0946963480524796,3.0946963480524796,1.7447891732701248,-1.4959569174198288,0.008700592499939533,0.06503309972821002,1.768872013544398,1.7700670903558637,-2.9176794414311824,2.905281370150314,2.9176794414311824,1.6483439849981034,-1.4943352276205513,0.012621983531973056,1029.936180932613,72.96525402420264,1032.5175374243638,760.6368158792601,1263.5665030468917,1263.5665030468917,1.2237724370269625,-1.2019870811403779,0.06922953046732444,1499.5600676281917,0.3321904595512372,1499.560104422483,1498.8552567234208,1500.047087910827,1500.047087910827,1.0003247508965516,-0.6193016123801596,-0.4117825718608092,1.2655981569947385,0.09640662746005124,1.2692647213275488,1.0506586075363642,1.486458334252542,1.486458334252542,1.1711176630654527,-0.7180787691929269,0.08516320006098399
N15_M07_F10_K001_8.mat,N15_M07_F10,K001,8,-0.016581736627821288,0.39070685719707354,0.3910585662664978,-4.315185544023245,4.33959960650711,4.33959960650711,11.097058038999121,11.387431833715041,0.08033942710326032,0.021234779938394076,1.7701844510680198,1.770311810580842,-2.9762258891463977,2.9720931987194414,2.9762258891463977,1.681187388209252,-1.4980558766731156,0.006212512065523153,0.049567477996168945,1.7716761071048373,1.77236936425821,-2.897015989296401,2.887373044966836,2.897015989296401,1.6345441575091146,-1.4898011846296266,-0.004673969511002294,1030.1515504405127,71.94538852573427,1032.6608135322608,764.9092768139366,1284.3184561581775,1284.3184561581775,1.2436982592232884,-1.1969747972411797,0.06352958808800636,1499.5614465347735,0.19052579401695052,1499.561458638338,1499.1907997824976,1499.9667171557135,1499.9667171557135,1.0002702513558486,-0.5457575561954022,0.2637021093716332,1.2663490426651212,0.08502633094350383,1.2692002894786083,1.0500706206095625,1.4218534555395113,1.4218534555395113,1.120275079769808,-0.6814218280584154,-0.46702725625834357
N15_M07_F10_K001_9.mat,N15_M07_F10,K001,9,-0.01647178159454003,0.40811728908642614,0.4084495577671149,-4.483032223599821,4.589843746966733,4.589843746966733,11.23723519755582,10.303225958103672,0.04688243599750851,0.017717943571046283,1.7743379062490352,1.7744263667666225,-2.937654111828138,3.038905027288569,3.038905027288569,1.7126126415863017,-1.4951733094413395,0.010320477562111236,0.06591840408141471,1.770655746164072,1.7718823345302834,-2.946608274419877,2.908725278839444,2.946608274419877,1.6629819130743844,-1.4954341978745773,0.012127742630820072,1029.9813452551186,71.76964221103711,1032.478790637679,757.585058068777,1290.1167959980955,1290.1167959980955,1.249533460344783,-1.2041177704712238,0.03836171984328759,1499.624695201858,0.32407729137818286,1499.6247302193156,1498.9230607464683,1500.038881815438,1500.038881815438,1.0002761701562908,-0.5977821639325658,-0.4500190955276385,1.2661283871354336,0.09442906629876557,1.2696448090990768,1.0521419003358379,1.4853156350100936,1.4853156350100936,1.1698670560186466,-0.7070767180891018,0.11409871161892435
N15_M07_F10_KA04_1.mat,N15_M07_F10,KA04,1,0.042999871216117876,0.475344312948746,0.4772852446675029,-3.2196044900597762,2.3681640609349635,3.2196044900597762,6.745661061243762,2.6057145768394783,-0.49193481193811395,0.023463244269558318,1.7275158759813416,1.7276752083650546,-2.9652053813411805,2.967960508292485,2.967960508292485,1.7178926304679372,-1.4984405573813828,0.004937359823250122,0.10787368246706236,1.7413533404857555,1.7446914305371892,-3.3860510231529024,3.094007566314654,3.3860510231529024,1.9407735739897225,-1.4871330127471616,-0.0011427151064859866,1101.1496293675302,49.646540109015355,1102.2682455741187,811.9063470953779,1365.1900381359821,1365.1900381359821,1.2385279568903123,1.8841001531716017,-0.8660490974661554,1499.7992530142028,0.4183307868046104,1499.7993113555585,1498.9267724343358,1500.5302163574827,1500.5302163574827,1.0004873352030437,-1.0930540126794597,0.043388387497111616,1.241022152538657,0.09132928847435529,1.2443781668065839,1.0427539658013816,1.4631774007631035,1.4631774007631035,1.1758301775078701,-1.1337223302375368,0.16774355005310956
N15_M07_F10_KA04_10.mat,N15_M07_F10,KA04,10,0.04211861129091379,0.48230819757590804,0.48414375433955176,-3.3264160134266882,3.6865234350637057,3.6865234350637057,7.614522343870166,2.5482314191758526,-0.43813585134846994,0.031219553357911333,1.729583560646545,1.7298652993139811,-2.9968893412811792,3.0010220317081355,3.0010220317081355,1.7348298927657901,-1.4984715689186099,0.0038037627067245543,0.1270972362069091,1.7409265564904617,1.745559790595891,-3.2482946755876907,3.1256915262546525,3.2482946755876907,1.8608899523738474,-1.4855761093513216,0.0007314844917082396,1111.442851238218,51.015413346213194,1112.613043230855,751.4815424478106,1440.263280273869,1440.263280273869,1.2944871436088585,2.44768486835801,-0.9145835680936575,1499.5267275176684,0.3689631438421366,1499.5267729099232,1498.8810417356617,1500.1514122863578,1500.1514122863578,1.0004165576685387,-1.0274174507191052,0.0018228374834838913,1.2368541814457232,0.09971764381671033,1.2408673880186099,1.029596868665919,1.463383660065558,1.463383660065558,1.1793231687733026,-1.4247596875338748,0.06369136903811383
N15_M07_F10_KA04_11.mat,N15_M07_F10,KA04,11,0.043492108519085096,0.4813260228149315,0.4832869786599633,-3.643798825716941,3.268432615027507,3.643798825716941,7.5396172183664145,2.669261902999926,-0.45262813107785355,0.027760272779329565,1.726290175692933,1.7265133661338163,-2.969338071768137,2.933521421401182,2.969338071768137,1.7198465589741592,-1.4985287630982795,0.003860262740681309,0.12283557637652073,1.740079634506868,1.7444098466958124,-3.428755490898118,3.4563067604111604,3.4563067604111604,1.9813616432846621,-1.4849683346671019,-0.001886137785883849,1111.3164782162053,51.519422978118115,1112.5100294823717,804.5821283502182,1370.9883779759002,1370.9883779759002,1.2323379939449115,2.26243921523373,-0.8824344441756633,1499.7426421111284,0.854524866965416,1499.7428855571266,1497.835448769486,1501.278785764478,1501.278785764478,1.0010241090137133,-0.7130790529581588,-0.1261699937015963,1.2349194937257022,0.09657513105448998,1.2386899983135151,1.0367020078396434,1.490989909293431,1.490989909293431,1.203682851499103,-1.275037147208641,0.14106803341688925
N15_M07_F10_KA04_12.mat,N15_M07_F10,KA04,12,0.04303030964868678,0.48201372696526684,0.4839306154103176,-3.2531738259750913,3.143310544797696,3.2531738259750913,6.722397224686381,2.5516048392743205,-0.43052834730102035,0.0207475292462088,1.7291930180654063,1.7293174820419672,-3.0003332499703097,2.921123350120313,3.0003332499703097,1.734981159403729,-1.499409405660746,-0.009163590508355964,0.12708864668076678,1.744572233111545,1.7491951865526476,-3.0995178202172617,4.050725400155049,4.050725400155049,2.3157652338035,-1.4929961386866635,0.005935845190908976,1112.9919411256192,50.746280719099836,1114.148215462106,821.6719720889241,1402.4214834238774,1402.4214834238774,1.2587387063598237,2.0450615125060185,-0.8500024512540917,1499.6446787122266,0.5443051101164739,1499.6447774916398,1498.3631763299038,1500.447544012507,1500.447544012507,1.0005353044487042,-0.8778918981209145,-0.23494593295124325,1.2376217257226962,0.0971365763186897,1.2414278273181012,1.0472010396927196,1.4740106828579125,1.4740106828579125,1.187351089142466,-1.165966684639094,0.42809758702878903
N15_M07_F10_KA04_13.mat,N15_M07_F10,KA04,13,0.042349709516756776,0.4823444838594881,0.48420006093125356,-3.1951904275759104,3.0914306620194814,3.1951904275759104,6.598905463643801,2.516817158331879,-0.4267874131171697,0.016020575533982118,1.732256281377151,1.7323303620300128,-3.013420102989005,2.9720931987194414,3.013420102989005,1.7395181479459616,-1.4955613252544324,-0.014208482617932373,0.13046149943761098,1.7433204036023064,1.7481951356904124,-3.0712777689663935,3.059568479423351,3.0712777689663935,1.756827774122285,-1.4925542506757299,0.014701882749014296,1112.2410076822584,51.1788797771803,1113.4178626667044,812.5166986574745,1408.8301748258918,1408.8301748258918,1.2653202558217063,2.141803180501233,-0.7928766584455389,1499.3745817375618,0.2777974589570066,1499.374607472101,1498.9082165415539,1499.782733677917,1499.782733677917,1.0002721976241176,-1.3802557105719726,-0.13417901398206528,1.2381554662151533,0.09253655153867066,1.241608622670257,1.0337995015455974,1.46275605367486,1.46275605367486,1.1781136398110654,-1.1897541463743506,0.23744789602845223
N15_M07_F10_KA04_14.mat,N15_M07_F10,KA04,14,0.04273765781981398,0.4780574804222339,0.4799640215511763,-3.237915036922675,2.9632568339791874,3.237915036922675,6.746161986180106,2.3958398734948005,-0.41907045790514985,0.013025690312767657,1.7287195435948632,1.7287686163899885,-3.005843503872918,3.013420102989005,3.013420102989005,1.7431020406198854,-1.4968443061496037,-0.011088526981921702,0.13640653201784123,1.740859702438103,1.7461956492758803,-3.2014575174155184,3.389494931842033,3.389494931842033,1.9410739760161484,-1.4884152591959634,0.01973873907936784,1111.8857862009745,50.83973413645727,1113.0474743346865,796.9527338240101,1397.8438467081523,1397.8438467081523,1.255870822171085,2.0271051614590103,-0.825653279474649,1499.487530839428,0.4996706644620935,1499.4876140914594,1498.419188126258,1500.331964407284,1500.331964407284,1.0005630925576776,-0.9592187325789023,-0.023514043124282475,1.2357732737735518,0.09578098970451922,1.2394795610100953,1.024644355875581,1.4633947331840371,1.4633947331840371,1.1806525732392599,-1.180720300236839,0.21742304123983808
N15_M07_F10_KA04_15.mat,N15_M07_F10,KA04,15,0.04229860281801562,0.4836645923576349,0.485510668987648,-3.4942626930032636,3.192138669765427,3.4942626930032636,7.197087347821315,2.8487696537510443,-0.47361567883479194,0.03201305922120564,1.726000333815768,1.7262971900263415,-2.9872463969516145,2.9707156352437893,2.9872463969516145,1.7304357640216237,-1.4973523178295653,0.005857180209085414,0.12963516836020597,1.7367847973176826,1.7416161198925564,-3.3405914284563822,3.119492490614218,3.3405914284563822,1.9180985926235397,-1.4879280675496491,0.0021444581602611547,1112.8927721774471,50.67635259956629,1114.0459663216768,785.6612299252224,1385.3316396851712,1385.3316396851712,1.2435138958037946,2.233359118793066,-0.9330633984625377,1499.3507101277683,0.7192569521487517,1499.3508826459556,1498.2437465191701,1500.6878970383227,1500.6878970383227,1.000891728819346,-1.0813387849353577,0.23382428384260726,1.2326389059722411,0.10151989055509084,1.2368124193646992,1.0027427217306415,1.449286422205774,1.449286422205774,1.1717916148919447,-1.4475748251986076,0.07378178551218786
N15_M07_F10_KA04_16.mat,N15_M07_F10,KA04,16,0.04377371589240137,0.4853400833647116,0.4873101011917297,-3.35693359153152,3.1738281229025276,3.35693359153152,6.888701020812108,2.6694380980206205,-0.45293667231023105,0.02409591905234815,1.7211334710909334,1.721302134613358,-3.0072210673485706,2.9197457866446612,3.0072210673485706,1.7470617196579834,-1.5034575979022262,-0.0029738596515744317,0.1245246461295438,1.7380314123201723,1.7424866076114736,-3.2427844216850823,3.0464816264046557,3.2427844216850823,1.8610096671733696,-1.491007218229163,0.006182916153817824,1112.8638346708458,50.86753484612068,1114.0257719728124,771.012792434903,1388.6885732767028,1388.6885732767028,1.2465497730968054,2.1948175504781293,-0.8806400819786528,1499.672874033039,0.8737838500032497,1499.6731285879375,1498.439153961159,1501.150469534937,1501.150469534937,1.0009851086338997,-1.3871581647699334,0.1025268318513509,1.231778283200066,0.09874649698356279,1.2357299905844428,1.0410800286000519,1.4887374845245216,1.4887374845245216,1.2047433467406727,-1.0246118845507313,0.4774620499154476
N15_M07_F10_KA04_17.mat,N15_M07_F10,KA04,17,0.042949222612592375,0.48734384195222674,0.4892327217304491,-3.6071777319911424,3.250122068164608,3.6071777319911424,7.37313260493352,2.56557621572677,-0.44534059800620585,0.028209782640392086,1.7261662650731182,1.726396758139072,-3.0079098490863965,3.0168640116781353,3.0168640116781353,1.7474917034309607,-1.495885611832513,0.0072772109474419176,0.13081809326499647,1.7386678777099536,1.743582336027159,-3.745595090298105,3.4321993995872484,3.745595090298105,2.1482180754552913,-1.4912138603889105,0.0076776239741562745,1113.0403275362507,50.85262612327383,1114.2014002439767,821.9771478699724,1437.5166982444339,1437.5166982444339,1.2901767112567448,2.192878749465942,-0.7770565413144875,1499.8847920311534,0.40300600194633757,1499.884846173257,1499.1879654293284,1500.5154435027562,1500.5154435027562,1.0004204304957864,-1.3793040275215798,-0.03176461912715786,1.2333655562960186,0.103515985534138,1.2377019652236525,1.0349868697713815,1.5110550338674176,1.5110550338674176,1.2208553240798727,-1.2408431585534538,0.2942629762354987
N15_M07_F10_KA04_18.mat,N15_M07_F10,KA04,18,0.04264563350098901,0.48853231154165394,0.49039011967711205,-3.3935546852573184,3.3355712868581375,3.3935546852573184,6.920112272024851,2.6415807019171194,-0.4360046389962691,0.025404143431925003,1.7295264131658827,1.7297129774450883,-2.942475583992921,2.9479858378955295,2.9479858378955295,1.7043208187348624,-1.5022422379656868,0.0016876449105734785,0.12845356322545104,1.746171014799017,1.750889354251017,-3.3233718850107308,3.098829038479436,3.3233718850107308,1.8981050269920563,-1.4886163765396607,0.0025326121287865024,1113.1888244196484,51.02097085214691,1114.3574373958718,814.9581049058611,1387.1626943714612,1387.1626943714612,1.2448094729937862,2.032883201584971,-0.8363241814676519,1499.2491756845232,0.9592139612259141,1499.249482535227,1497.2811638135222,1500.782481936142,1500.782481936142,1.0010225112089568,-0.5723825670894267,-0.19950672546746545,1.2368939444856735,0.10092677389920758,1.2410047717857617,1.0351846827298772,1.507097469902579,1.507097469902579,1.2144171434038238,-0.9927074410525853,0.409695236758351
N15_M07_F10_KA04_19.mat,N15_M07_F10,KA04,19,0.04273973694650661,0.4882305912978526,0.4900977406531347,-3.5064697242451968,3.341674802479104,3.5064697242451968,7.15463352182007,2.765091692095667,-0.4582646535153422,0.029990343741197228,1.7270505762842845,1.7273109487760434,-2.95487365527379,2.983802488262484,2.983802488262484,1.727426373564516,-1.4965872828730147,0.006577202241684588,0.13392510559316773,1.7389624495887728,1.7441119043765299,-3.3777856422989894,4.307640988364168,4.307640988364168,2.469819154123615,-1.4900284911314026,0.006916407056461119,1113.400946476821,50.5609321250573,1114.548372872544,742.3262690163609,1374.345311567432,1374.345311567432,1.2330961535795069,2.04490559571758,-0.886952742776449,1499.6744567331605,0.679411562614832,1499.674610633244,1498.538816629259,1500.6663918423321,1500.6663918423321,1.000661330932761,-1.3007790660021579,-0.09282888723747842,1.2332497735805497,0.10556207170724344,1.2377594091824153,1.0162198606876254,1.5116835772081398,1.5116835772081398,1.2213064719957663,-1.2763307547591753,0.26426947743203044
N15_M07_F10_KA04_2.mat,N15_M07_F10,KA04,2,0.04338498392192978,0.4772271626561762,0.47919518111806025,-3.512573239866163,2.6916503888461825,3.512573239866163,7.33015142529316,2.6299666048125,-0.5137627728605063,0.006951522500565331,1.725648019518542,1.7256620210612916,-3.001710813445962,2.9410980205172685,3.001710813445962,1.7394546422247232,-1.5003885402943724,-0.005713667359451007,0.12325987875769887,1.7418580928827498,1.7462137937413313,-3.2916879250707325,3.2916879250707325,3.2916879250707325,1.88504290646918,-1.4881264299647858,0.018172687799527694,1103.7882812835376,50.33965987886843,1104.9355869260373,851.5791986316594,1331.9258780017153,1331.9258780017153,1.2054330530770319,1.763186366722735,-0.8577036942835906,1499.9340608161979,0.6650777380890878,1499.9342082654716,1498.821115902749,1500.9688168519142,1500.9688168519142,1.000689769311708,-1.3327599450606504,0.047019256373525976,1.2405121576649365,0.0972284097973743,1.244316590336335,1.025934845797275,1.5202013503696579,1.5202013503696579,1.2217158898112515,-0.9021669684423923,0.4626251769112172
N15_M07_F10_KA04_20.mat,N15_M07_F10,KA04,20,0.042977737363248336,0.4924005232016982,0.49427255756128163,-3.2592773415960576,3.2836914040799234,3.2836914040799234,6.643483142745184,2.723856324431929,-0.45239434066489875,0.0203707856127222,1.729444796516684,1.7295647640678602,-2.995511777805527,2.9507409648468332,2.995511777805527,1.7319454235181198,-1.5008562930003033,-0.005167021618969005,0.14169761660897273,1.7464615310307676,1.7522003578138539,-3.253116147752473,3.2558712747037775,3.2558712747037775,1.8581615168518686,-1.489203120031775,0.02015995284545887,1113.6000230846944,50.657264524383635,1114.7516180133246,759.1109369740185,1370.3780264138036,1370.3780264138036,1.229312435406955,2.1085449230867805,-0.9287442803651479,1499.5561993574438,0.43482580118172376,1499.5562624005875,1498.8101958251264,1500.5157463434045,1500.5157463434045,1.0006398452441398,-0.36682635811059683,0.4115256196692104,1.2367657159631948,0.11220364324786741,1.2418450361216768,1.0374428753832712,1.5189821308686609,1.5189821308686609,1.22316560173441,-1.0660541198490123,0.4986705221045774
N15_M07_F10_KA04_3.mat,N15_M07_F10,KA04,3,0.04384995868745892,0.4735772067230123,0.47560297476410157,-3.546142575781478,2.3437499984510977,3.546142575781478,7.456098392867202,2.7004838801999718,-0.5144694861110441,0.00975161982915679,1.7228276517623458,1.7228552498008214,-2.9500521831090074,2.9410980205172685,2.9500521831090074,1.7123041436302102,-1.5020177049429473,-0.008682012036335,0.12276897509535571,1.7397234246831486,1.7440498317528739,-3.1015841654307406,3.6340124487702834,3.6340124487702834,2.0836631973513535,-1.4876660785132199,0.020594204077019854,1104.3426175172838,50.02051977473062,1105.4748614344244,768.2662104054682,1383.8057607799296,1383.8057607799296,1.251774969341549,2.0434943568262387,-0.8615440089492699,1499.973277146032,1.055707995074307,1499.9736486590618,1498.1725796701946,1501.3309568195907,1501.3309568195907,1.0009048880036941,-1.3324877808341418,-0.3430265286105516,1.2385898134763005,0.10065852069368075,1.2426732731637458,1.0426992268765019,1.4936033790186345,1.4936033790186345,1.2019276597267123,-0.9822696313605737,0.47769552763933154
N15_M07_F10_KA04_4.mat,N15_M07_F10,KA04,4,0.0433422587771065,0.4797593633615355,0.48171319073590624,-3.2287597634912255,2.3895263656083454,3.2287597634912255,6.702660059108401,2.709514951959493,-0.5291873198060019,0.007112885541631318,1.7218035068929132,1.7218181987333803,-2.9720931987194414,2.9273223857607475,2.9720931987194414,1.7261364764908398,-1.499568585550201,-0.008403965679697457,0.12112976782057841,1.7366257064741175,1.740844985930394,-3.0581909159476983,3.1036505106442185,3.1036505106442185,1.78284139927914,-1.4856341722212514,0.022510818466710544,1104.6028105510748,50.308588010266966,1105.747856929834,703.5689448232242,1438.7374013686274,1438.7374013686274,1.3011441915549864,2.3384730907499343,-0.8792823138077956,1499.6963457586137,0.5606561234785865,1499.6964505582548,1498.8170555203787,1500.5860401566413,1500.5860401566413,1.0005931797718501,-1.2941206651541224,0.033261076578003666,1.2366359727119731,0.0914196712110825,1.2400105182173378,1.0457164828304257,1.4514444867100997,1.4514444867100997,1.1705098185753484,-1.0766317039730402,0.3160541725259629
N15_M07_F10_KA04_5.mat,N15_M07_F10,KA04,5,0.043711837221168275,0.47687751798792605,0.4788766979876705,-3.2592773415960576,2.529907224890573,3.2592773415960576,6.8060888226387934,2.629561438959187,-0.4975286013314922,0.02121867531047061,1.7341654198580407,1.7342952273512562,-2.9720931987194414,2.9245672588094433,2.9720931987194414,1.7137181443200082,-1.4980189514815052,0.0053884629123807795,0.11155176216404929,1.7468408056520628,1.7503989819275643,-3.1084719828090006,3.1628857400972596,3.1628857400972596,1.8069513138166047,-1.4880549184189507,0.0008725526021259823,1106.3034973108543,50.93770341218637,1107.47554275078,816.1788080300544,1421.3423818488732,1421.3423818488732,1.2834074676886331,2.1258488210250492,-0.847676906024669,1499.7725686570984,0.7154568149211374,1499.7727393091143,1498.1052787748336,1500.611613956435,1500.611613956435,1.0005593345080448,-0.02852248053091211,-1.011409140065878,1.2450190285338765,0.09123977024282322,1.248357752042819,1.0514416000381026,1.488930460564784,1.488930460564784,1.1927113506751494,-1.2008136060218337,0.19312060491771246
N15_M07_F10_KA04_6.mat,N15_M07_F10,KA04,6,0.04299785874533159,0.4710199797293266,0.4729784743102996,-3.485107419571815,2.703857420088115,3.485107419571815,7.368427124836542,2.5212294413667458,-0.48674708612696205,0.02491960303315482,1.7229339664762393,1.7231141690128593,-2.9590063457007463,2.9590063457007463,2.9590063457007463,1.7172433486493277,-1.494825676626444,0.009618738786999339,0.11884702047381455,1.7338375325904019,1.7379059824094842,-3.4707711769055076,4.285599972753735,4.285599972753735,2.4659561657138966,-1.4926441580802132,0.006809345952139985,1107.4191311657646,50.62720217969745,1108.5757735366944,826.5547845856972,1395.0972646787177,1395.0972646787177,1.258459094977272,2.0210489839938734,-0.8312964265163989,1499.2785983075676,0.7906396584292206,1499.2788067781703,1498.1956327897442,1500.9750741719904,1500.9750741719904,1.0011313888958822,-0.351187689735883,0.8161956962320498,1.2360226130856677,0.09584189370413655,1.2397328618085097,1.0435981022757765,1.4868814692882844,1.4868814692882844,1.199356341267938,-1.3987464987590443,0.18292442068918924
N15_M07_F10_KA04_7.mat,N15_M07_F10,KA04,7,0.04386647018132619,0.4857076657485222,0.4876845330467713,-3.479003903950848,2.8961181621485568,3.479003903950848,7.133717943064631,2.7162174513315005,-0.4780548731778154,0.011375250905656603,1.7313546668929707,1.7313920350126475,-2.988623960427267,2.9624502543898767,2.988623960427267,1.7261393722453133,-1.4974122140256232,-0.011134719804952651,0.1316188847765849,1.742834811154074,1.7477976741603383,-3.1780389383294327,3.1553091409811733,3.1780389383294327,1.8183105432133033,-1.4894380836801968,0.01874673372669246,1111.441552381257,51.326685554116835,1112.6260616261106,754.838476039342,1412.79745997952,1412.79745997952,1.269786416754167,2.341363041088221,-0.8692313691341094,1499.641564912637,0.6951455505217607,1499.6417260269066,1497.9986362302052,1500.8762903112759,1500.8762903112759,1.000823239486434,-0.5322657626259937,0.09413442566137611,1.238793974054104,0.09238454388768101,1.2422340415968705,1.0406199189617757,1.475797468899364,1.475797468899364,1.1880188591533458,-1.1520336436950276,0.22609209261368202
N15_M07_F10_KA04_8.mat,N15_M07_F10,KA04,8,0.04155861310859968,0.48390767661209094,0.48568895170430043,-3.570556638265344,3.0059814433259517,3.570556638265344,7.3515294629126915,2.456216592693446,-0.45022631473668434,0.023490908392609637,1.727622523111039,1.7277822215596679,-3.001710813445962,2.9410980205172685,3.001710813445962,1.7373201182359195,-1.5031519763395988,0.0007572338696436413,0.11855198979830342,1.7441252750485252,1.7481497502640415,-3.442531125654639,3.9425866673163577,3.9425866673163577,2.255291153816123,-1.4885707357358735,0.003808038380597684,1112.0284088177284,51.01187580456762,1113.19782316118,808.5494135038464,1468.3394521303144,1468.3394521303144,1.3190283178605475,2.0281500682889515,-0.7946477813290277,1499.4865536962338,0.8724797804299056,1499.4868075234192,1497.9653042470704,1501.0890397025134,1501.0890397025134,1.001068520357135,-0.7685800858345067,0.028369778210122123,1.2378829309642176,0.095627945190627,1.2415711234858613,1.055884791798062,1.47624873901799,1.47624873901799,1.189016650832892,-0.957597744499461,0.40775095826393537
N15_M07_F10_KA04_9.mat,N15_M07_F10,KA04,9,0.0436198795344793,0.48248949363324073,0.4844572275826458,-3.4332275367936,2.7252197247614975,3.4332275367936,7.086750576361067,2.5459225768781915,-0.4591849837314849,0.027300112690754177,1.7264338497179603,1.7266496846798152,-2.9397204570416164,2.942475583992921,2.942475583992921,1.7041531991699665,-1.4992516108780374,0.0026113434931662027,0.12298565040044841,1.741683254847157,1.7460200544150137,-3.5857977271224595,3.6326348852946313,3.6326348852946313,2.0805230020749725,-1.4854817023328684,-0.0012104046088152402,1111.3331855460096,50.95685146345858,1112.5008089915755,811.9063470953779,1381.9747060936397,1381.9747060936397,1.2422235515912374,1.7858794453883267,-0.8773428975431299,1499.761942974047,0.7235917312545112,1499.7621175300708,1499.003552109673,1501.339058733047,1501.339058733047,1.0010514608847256,-0.41595778959159,0.9027032710938571,1.2359532845836514,0.09763258993065958,1.2398034700264733,1.034934152775804,1.4657994698790329,1.4657994698790329,1.1822837290879125,-1.1226992205831006,0.21649492203829682
